-- phpMyAdmin SQL Dump
-- version 5.2.2
-- https://www.phpmyadmin.net/
--
-- Host: localhost:3306
-- Generation Time: Nov 14, 2025 at 07:53 PM
-- Server version: 8.4.3
-- PHP Version: 8.3.26

SET SQL_MODE = "NO_AUTO_VALUE_ON_ZERO";
START TRANSACTION;
SET time_zone = "+00:00";


/*!40101 SET @OLD_CHARACTER_SET_CLIENT=@@CHARACTER_SET_CLIENT */;
/*!40101 SET @OLD_CHARACTER_SET_RESULTS=@@CHARACTER_SET_RESULTS */;
/*!40101 SET @OLD_COLLATION_CONNECTION=@@COLLATION_CONNECTION */;
/*!40101 SET NAMES utf8mb4 */;

--
-- Database: `edutrackdb`
--

-- --------------------------------------------------------

--
-- Table structure for table `academic_periods`
--

CREATE TABLE `academic_periods` (
  `id` int UNSIGNED NOT NULL,
  `school_year` varchar(20) CHARACTER SET utf8mb4 COLLATE utf8mb4_unicode_ci NOT NULL COMMENT 'e.g., 2024-2025, 2025-2026',
  `semester` enum('1st Semester','2nd Semester','Summer') CHARACTER SET utf8mb4 COLLATE utf8mb4_unicode_ci NOT NULL COMMENT 'Semester within the school year',
  `start_date` date NOT NULL COMMENT 'Period start date',
  `end_date` date NOT NULL COMMENT 'Period end date',
  `status` enum('active','past','upcoming') CHARACTER SET utf8mb4 COLLATE utf8mb4_unicode_ci NOT NULL DEFAULT 'upcoming' COMMENT 'Current status of the period',
  `description` text CHARACTER SET utf8mb4 COLLATE utf8mb4_unicode_ci COMMENT 'Optional notes about this period',
  `created_at` timestamp NULL DEFAULT CURRENT_TIMESTAMP,
  `updated_at` timestamp NULL DEFAULT CURRENT_TIMESTAMP ON UPDATE CURRENT_TIMESTAMP
) ENGINE=InnoDB DEFAULT CHARSET=utf8mb4 COLLATE=utf8mb4_unicode_ci COMMENT='Global academic period tracking (school year + semester)';

--
-- Dumping data for table `academic_periods`
--

INSERT INTO `academic_periods` (`id`, `school_year`, `semester`, `start_date`, `end_date`, `status`, `description`, `created_at`, `updated_at`) VALUES
(1, '2024-2025', '1st Semester', '2024-08-01', '2024-12-20', 'past', 'First semester of school year 2024-2025', '2025-11-10 07:07:10', '2025-11-10 07:07:10'),
(2, '2024-2025', '2nd Semester', '2025-01-06', '2025-05-30', 'past', 'Second semester of school year 2024-2025', '2025-11-10 07:07:10', '2025-11-10 07:07:10'),
(3, '2025-2026', '1st Semester', '2025-08-01', '2025-12-20', 'active', 'First semester of school year 2025-2026 (CURRENT)', '2025-11-10 07:07:10', '2025-11-10 07:07:10'),
(4, '2025-2026', '2nd Semester', '2026-01-05', '2026-05-29', 'upcoming', 'Second semester of school year 2025-2026', '2025-11-10 07:07:10', '2025-11-10 07:07:10'),
(5, '2025-2026', 'Summer', '2026-06-01', '2026-07-31', 'upcoming', 'Summer semester of school year 2025-2026', '2025-11-10 07:07:10', '2025-11-10 07:07:10');

-- --------------------------------------------------------

--
-- Table structure for table `activities`
--

CREATE TABLE `activities` (
  `id` bigint UNSIGNED NOT NULL,
  `course_id` bigint UNSIGNED NOT NULL,
  `title` varchar(255) CHARACTER SET utf8mb4 COLLATE utf8mb4_unicode_ci NOT NULL,
  `type` enum('assignment','quiz','midterm','final','project','laboratory','performance','other') CHARACTER SET utf8mb4 COLLATE utf8mb4_unicode_ci NOT NULL DEFAULT 'assignment',
  `max_score` decimal(10,2) NOT NULL DEFAULT '100.00',
  `due_at` datetime DEFAULT NULL,
  `created_at` timestamp NOT NULL DEFAULT CURRENT_TIMESTAMP,
  `section_id` bigint UNSIGNED DEFAULT NULL
) ENGINE=InnoDB DEFAULT CHARSET=utf8mb4 COLLATE=utf8mb4_unicode_ci;

--
-- Dumping data for table `activities`
--

INSERT INTO `activities` (`id`, `course_id`, `title`, `type`, `max_score`, `due_at`, `created_at`, `section_id`) VALUES
(10, 6, 'Introduction to C# Syntax', 'assignment', 100.00, '2025-11-15 00:00:00', '2025-11-14 08:34:22', 1),
(13, 6, 'Variables and Data Types Quiz', 'quiz', 50.00, '2025-11-15 00:00:00', '2025-11-14 08:41:07', 1),
(14, 6, 'Midterm Exam: C# Fundamentals', 'midterm', 100.00, '2025-11-15 00:00:00', '2025-11-14 08:47:22', 1),
(15, 6, 'Lab 1: Hello World and Debugging in Visual Studio', 'laboratory', 100.00, '2025-11-14 00:00:00', '2025-11-14 08:47:50', 1),
(16, 6, 'Recitation 1', 'performance', 25.00, '2025-11-14 00:00:00', '2025-11-14 08:48:29', 1),
(17, 6, 'Recitation 2', 'performance', 25.00, '2025-11-14 00:00:00', '2025-11-14 08:48:41', 1),
(18, 6, 'Recitation 3', 'performance', 25.00, '2025-11-14 00:00:00', '2025-11-14 08:48:56', 1),
(19, 6, 'Control Structures Practice Exercise', 'assignment', 25.00, '2025-11-14 00:00:00', '2025-11-14 08:49:24', 1),
(20, 6, 'Object-Oriented Concepts Quiz', 'quiz', 50.00, '2025-11-14 00:00:00', '2025-11-14 08:49:44', 1),
(21, 6, 'Lab 2: Data Types and Variables in C#', 'laboratory', 100.00, '2025-11-21 23:59:59', '2025-11-14 16:58:13', 1),
(22, 6, 'Lab 3: Conditional Statements and Loops', 'laboratory', 100.00, '2025-11-28 23:59:59', '2025-11-14 16:58:13', 1),
(23, 6, 'Lab 4: Methods and Parameter Passing', 'laboratory', 100.00, '2025-12-05 23:59:59', '2025-11-14 16:58:13', 1),
(24, 6, 'Lab 5: Arrays and Collections', 'laboratory', 100.00, '2025-12-12 23:59:59', '2025-11-14 16:58:13', 1),
(25, 6, 'Lab 6: Introduction to Classes and Objects', 'laboratory', 100.00, '2025-12-19 23:59:59', '2025-11-14 16:58:13', 1);

-- --------------------------------------------------------

--
-- Table structure for table `activity_grades`
--

CREATE TABLE `activity_grades` (
  `id` bigint UNSIGNED NOT NULL,
  `activity_id` bigint UNSIGNED NOT NULL,
  `student_id` bigint UNSIGNED NOT NULL,
  `grade` decimal(10,2) DEFAULT NULL,
  `status` enum('Pending','Passed','Failed') CHARACTER SET utf8mb4 COLLATE utf8mb4_unicode_ci NOT NULL DEFAULT 'Pending',
  `created_at` timestamp NOT NULL DEFAULT CURRENT_TIMESTAMP,
  `updated_at` timestamp NOT NULL DEFAULT CURRENT_TIMESTAMP ON UPDATE CURRENT_TIMESTAMP
) ENGINE=InnoDB DEFAULT CHARSET=utf8mb4 COLLATE=utf8mb4_unicode_ci;

-- --------------------------------------------------------

--
-- Table structure for table `password_resets`
--

CREATE TABLE `password_resets` (
  `id` int UNSIGNED NOT NULL,
  `email` varchar(255) CHARACTER SET utf8mb4 COLLATE utf8mb4_unicode_ci NOT NULL,
  `token` varchar(128) CHARACTER SET utf8mb4 COLLATE utf8mb4_unicode_ci NOT NULL,
  `expires_at` datetime NOT NULL,
  `used` tinyint(1) NOT NULL DEFAULT '0',
  `created_at` datetime NOT NULL DEFAULT CURRENT_TIMESTAMP,
  `updated_at` datetime NOT NULL DEFAULT CURRENT_TIMESTAMP ON UPDATE CURRENT_TIMESTAMP
) ENGINE=InnoDB DEFAULT CHARSET=utf8mb4 COLLATE=utf8mb4_unicode_ci;

--
-- Dumping data for table `password_resets`
--

INSERT INTO `password_resets` (`id`, `email`, `token`, `expires_at`, `used`, `created_at`, `updated_at`) VALUES
(1, 'jeizi.zamora@gmail.com', '49914175d667023585b982fdeb68cdf8', '2025-11-14 18:46:31', 0, '2025-11-13 18:46:31', '2025-11-13 18:46:31'),
(2, 'jeizi.zamora@gmail.com', 'aa611f39db859591b0190e20c3461ffb', '2025-11-14 18:51:12', 1, '2025-11-13 18:51:12', '2025-11-13 18:58:26'),
(3, 'jeizi.zamora@gmail.com', '175d5c005fdeb6bd13f40b27763c1d6b', '2025-11-14 18:58:42', 1, '2025-11-13 18:58:42', '2025-11-13 18:59:14'),
(4, 'jeizi.zamora@gmail.com', '5471a2746e57d88274012fe0391f9db1', '2025-11-14 19:00:32', 1, '2025-11-13 19:00:32', '2025-11-13 19:01:07'),
(5, 'jeizi.zamora@gmail.com', '728b832af7a577b8fd6c2d93ef852edb', '2025-11-14 19:07:04', 1, '2025-11-13 19:07:04', '2025-11-13 19:07:45'),
(6, 'jeizi.zamora@gmail.com', 'bad59a6be67d1b8ef8557342e0129e18', '2025-11-14 19:07:59', 1, '2025-11-13 19:07:59', '2025-11-13 19:08:51'),
(7, 'jeizi.zamora@gmail.com', '3b75ca40f369c25574a0ea8254bc06fd', '2025-11-14 19:10:49', 0, '2025-11-13 19:10:49', '2025-11-13 19:10:49'),
(8, 'jeizi.zamora@gmail.com', 'aea5455d7b4be67bb179b49fe699b3dc', '2025-11-14 19:16:28', 0, '2025-11-13 19:16:28', '2025-11-13 19:16:28'),
(9, 'jeizi.zamora@gmail.com', '5f4cc59b179f502dcca24e5d7dcaba09', '2025-11-14 19:17:16', 0, '2025-11-13 19:17:16', '2025-11-13 19:17:16'),
(10, 'jeizi.zamora@gmail.com', 'cb14f3504972d2500f67de7adac24378', '2025-11-14 19:27:30', 0, '2025-11-13 19:27:30', '2025-11-13 19:27:30'),
(11, 'jeizi.zamora@gmail.com', '0a9c71c005b71aefceea79bdc87f1e1b', '2025-11-14 19:28:33', 0, '2025-11-13 19:28:33', '2025-11-13 19:28:33'),
(12, 'jeizi.zamora@gmail.com', '9974828f35cb23d5edb69d159db4135c', '2025-11-14 19:30:02', 0, '2025-11-13 19:30:02', '2025-11-13 19:30:02'),
(13, 'jeizi.zamora@gmail.com', '5d06890675c2d764ee675f6ba96cc073', '2025-11-14 19:30:18', 0, '2025-11-13 19:30:18', '2025-11-13 19:30:18'),
(14, 'jeizi.zamora@gmail.com', 'bee2fe72269a4c10f472151f6b43db8d', '2025-11-14 19:30:28', 0, '2025-11-13 19:30:28', '2025-11-13 19:30:28'),
(15, 'jeizi.zamora@gmail.com', 'f537340b629c285391b61cb142d7ca84', '2025-11-14 19:31:48', 0, '2025-11-13 19:31:48', '2025-11-13 19:31:48'),
(16, 'jeizi.zamora@gmail.com', '0da38cec28f98b08ee0609aab5d523b2', '2025-11-14 19:32:06', 0, '2025-11-13 19:32:06', '2025-11-13 19:32:06'),
(17, 'jeizi.zamora@gmail.com', 'ee6f2ac1b07ddbc7f9aa844f6840ca85', '2025-11-14 19:33:18', 0, '2025-11-13 19:33:18', '2025-11-13 19:33:18'),
(18, 'iamchris.japan@gmail.com', 'c8e1114f849c840b567c20186147cc05', '2025-11-14 20:13:00', 0, '2025-11-13 20:13:00', '2025-11-13 20:13:00'),
(19, 'iamchris.japan@gmail.com', '67c0d65cfa9c226f065bd2f71b91934c', '2025-11-14 20:13:45', 0, '2025-11-13 20:13:45', '2025-11-13 20:13:45'),
(20, 'jeizi.zamora@gmail.com', '070ffbcbfb5db7eed2b6589e97b7943a', '2025-11-15 05:32:01', 0, '2025-11-14 05:32:01', '2025-11-14 05:32:01'),
(21, 'nikaldabasoriano@gmail.com', '863f02a4ff6928b7e6a4e7683807600e', '2025-11-15 05:35:41', 0, '2025-11-14 05:35:41', '2025-11-14 05:35:41');

-- --------------------------------------------------------

--
-- Table structure for table `sections`
--

CREATE TABLE `sections` (
  `id` int UNSIGNED NOT NULL,
  `name` varchar(100) CHARACTER SET utf8mb4 COLLATE utf8mb4_unicode_ci NOT NULL,
  `description` text CHARACTER SET utf8mb4 COLLATE utf8mb4_unicode_ci,
  `status` enum('active','inactive') CHARACTER SET utf8mb4 COLLATE utf8mb4_unicode_ci NOT NULL DEFAULT 'active',
  `created_at` timestamp NULL DEFAULT CURRENT_TIMESTAMP,
  `updated_at` timestamp NULL DEFAULT CURRENT_TIMESTAMP ON UPDATE CURRENT_TIMESTAMP
) ENGINE=InnoDB DEFAULT CHARSET=utf8mb4 COLLATE=utf8mb4_unicode_ci;

--
-- Dumping data for table `sections`
--

INSERT INTO `sections` (`id`, `name`, `description`, `status`, `created_at`, `updated_at`) VALUES
(1, 'F1', 'Bachelor of Science in Information Technology', 'active', '2025-11-06 15:09:29', '2025-11-06 15:09:29'),
(2, 'F2', 'Bachelor of Science in Information Technology', 'active', '2025-11-06 15:09:29', '2025-11-06 11:17:38'),
(3, 'F3', 'Bachelor of Science in Information Technology', 'active', '2025-11-06 15:09:29', '2025-11-06 11:14:26'),
(4, 'F4', 'Bachelor of Science in Information Technology', 'active', '2025-11-06 15:09:29', '2025-11-06 15:09:29'),
(5, 'F5', 'Bachelor of Science in Information Technology', 'active', '2025-11-06 15:09:29', '2025-11-06 15:09:29'),
(6, 'F6', 'Bachelor of Science in Information Technology', 'active', '2025-11-06 15:09:29', '2025-11-06 15:09:29');

-- --------------------------------------------------------

--
-- Table structure for table `students`
--

CREATE TABLE `students` (
  `id` int UNSIGNED NOT NULL,
  `user_id` int UNSIGNED DEFAULT NULL,
  `student_id` varchar(50) CHARACTER SET utf8mb4 COLLATE utf8mb4_unicode_ci NOT NULL,
  `year_level` enum('1st Year','2nd Year','3rd Year','4th Year') CHARACTER SET utf8mb4 COLLATE utf8mb4_unicode_ci NOT NULL,
  `section_id` int UNSIGNED DEFAULT NULL,
  `status` enum('active','inactive') CHARACTER SET utf8mb4 COLLATE utf8mb4_unicode_ci NOT NULL DEFAULT 'active',
  `created_at` timestamp NULL DEFAULT CURRENT_TIMESTAMP,
  `updated_at` timestamp NULL DEFAULT CURRENT_TIMESTAMP ON UPDATE CURRENT_TIMESTAMP
) ENGINE=InnoDB DEFAULT CHARSET=utf8mb4 COLLATE=utf8mb4_unicode_ci;

--
-- Dumping data for table `students`
--

INSERT INTO `students` (`id`, `user_id`, `student_id`, `year_level`, `section_id`, `status`, `created_at`, `updated_at`) VALUES
(3, 18, 'MCC2025-00003', '1st Year', 4, 'active', '2025-11-06 11:30:24', '2025-11-10 12:12:03'),
(4, 19, 'MCC2025-00004', '3rd Year', 4, 'active', '2025-11-06 11:30:45', '2025-11-10 12:47:37'),
(6, 23, 'MCC2025-00005', '1st Year', 4, 'active', '2025-11-10 01:39:01', '2025-11-10 12:12:02'),
(7, 24, 'MCC2025-00006', '1st Year', 4, 'active', '2025-11-10 01:39:16', '2025-11-10 12:12:02'),
(8, 25, 'MCC2025-00007', '1st Year', 4, 'active', '2025-11-10 01:39:29', '2025-11-10 12:12:01'),
(9, 26, 'MCC2025-00008', '1st Year', 4, 'active', '2025-11-10 01:39:43', '2025-11-10 12:12:01'),
(10, 27, 'MCC2025-00009', '1st Year', 3, 'active', '2025-11-10 01:39:58', '2025-11-10 12:11:54'),
(11, 28, 'MCC2025-00010', '1st Year', 1, 'active', '2025-11-10 01:40:16', '2025-11-10 10:39:30'),
(12, 29, 'MCC2025-00011', '1st Year', 2, 'active', '2025-11-10 01:40:28', '2025-11-10 12:46:17'),
(13, 30, 'MCC2025-00012', '1st Year', 1, 'active', '2025-11-10 01:40:42', '2025-11-10 11:07:54'),
(14, 31, 'MCC2025-00013', '1st Year', 3, 'active', '2025-11-10 01:40:56', '2025-11-10 12:11:53'),
(15, 32, 'MCC2025-00014', '1st Year', 3, 'active', '2025-11-10 01:41:11', '2025-11-10 12:11:53'),
(16, 33, 'MCC2025-00015', '1st Year', 1, 'active', '2025-11-10 01:41:28', '2025-11-10 12:46:13'),
(17, 34, 'MCC2025-00016', '1st Year', 5, 'active', '2025-11-10 01:41:40', '2025-11-10 12:46:05'),
(18, 35, 'MCC2025-00017', '1st Year', 3, 'active', '2025-11-10 01:42:03', '2025-11-10 12:11:52'),
(19, 36, 'MCC2025-00018', '1st Year', 4, 'active', '2025-11-10 01:42:15', '2025-11-10 12:45:58'),
(20, 37, 'MCC2025-00019', '1st Year', 4, 'active', '2025-11-10 01:42:29', '2025-11-10 12:45:57'),
(21, 38, 'MCC2025-00020', '1st Year', 4, 'active', '2025-11-10 01:42:43', '2025-11-10 12:45:57'),
(22, 39, 'MCC2025-00021', '1st Year', 2, 'active', '2025-11-10 01:42:56', '2025-11-10 12:11:44'),
(23, 40, 'MCC2025-00022', '1st Year', 2, 'active', '2025-11-10 01:46:11', '2025-11-10 12:11:43'),
(24, 41, 'MCC2025-00023', '1st Year', 2, 'active', '2025-11-10 01:46:20', '2025-11-10 12:11:43'),
(25, 42, 'MCC2025-00024', '1st Year', 2, 'active', '2025-11-10 01:46:29', '2025-11-10 12:11:41'),
(26, 43, 'MCC2025-00025', '1st Year', 2, 'active', '2025-11-10 01:46:37', '2025-11-10 12:11:41'),
(27, 44, 'MCC2025-00026', '1st Year', 2, 'active', '2025-11-10 01:46:49', '2025-11-10 12:11:40'),
(28, 45, 'MCC2025-00027', '1st Year', 1, 'active', '2025-11-10 01:46:57', '2025-11-10 09:51:23'),
(29, 46, 'MCC2025-00028', '1st Year', 2, 'active', '2025-11-10 01:47:05', '2025-11-10 12:11:39'),
(30, 47, 'MCC2025-00029', '1st Year', 1, 'active', '2025-11-10 01:47:14', '2025-11-10 10:42:58'),
(31, 48, 'MCC2025-00030', '1st Year', 1, 'active', '2025-11-10 01:47:22', '2025-11-10 11:07:56'),
(32, 49, 'MCC2025-00031', '1st Year', 1, 'active', '2025-11-10 01:47:32', '2025-11-10 10:42:59'),
(33, 50, 'MCC2025-00032', '1st Year', 2, 'active', '2025-11-10 01:47:40', '2025-11-10 12:11:39'),
(34, 51, 'MCC2025-00033', '2nd Year', 5, 'active', '2025-11-10 02:21:56', '2025-11-10 12:43:06'),
(36, 53, 'MCC2025-00035', '1st Year', 1, 'active', '2025-11-10 02:46:50', '2025-11-10 10:39:40'),
(37, 54, 'MCC2025-00036', '1st Year', 2, 'active', '2025-11-10 12:04:08', '2025-11-10 12:11:38'),
(38, 55, 'MCC2025-00037', '2nd Year', 4, 'active', '2025-11-10 12:04:08', '2025-11-10 12:42:55'),
(39, 56, 'MCC2025-00038', '3rd Year', 4, 'active', '2025-11-10 12:04:08', '2025-11-10 12:47:36'),
(40, 57, 'MCC2025-00039', '4th Year', NULL, 'active', '2025-11-10 12:04:08', '2025-11-10 19:04:08'),
(41, 58, 'MCC2025-00040', '4th Year', NULL, 'active', '2025-11-10 12:04:08', '2025-11-10 19:04:08'),
(42, 59, 'MCC2025-00041', '4th Year', NULL, 'active', '2025-11-10 12:04:08', '2025-11-10 19:04:08'),
(43, 60, 'MCC2025-00042', '1st Year', 4, 'active', '2025-11-10 12:15:39', '2025-11-10 12:43:46'),
(44, 61, 'MCC2025-00043', '1st Year', 4, 'active', '2025-11-10 12:15:39', '2025-11-10 12:43:46'),
(45, 62, 'MCC2025-00044', '1st Year', 4, 'active', '2025-11-10 12:15:39', '2025-11-10 12:43:47'),
(46, 63, 'MCC2025-00045', '1st Year', 4, 'active', '2025-11-10 12:15:39', '2025-11-10 12:43:47'),
(47, 64, 'MCC2025-00046', '1st Year', 4, 'active', '2025-11-10 12:15:39', '2025-11-10 12:43:47'),
(48, 65, 'MCC2025-00047', '1st Year', 4, 'active', '2025-11-10 12:15:39', '2025-11-10 12:43:47'),
(49, 66, 'MCC2025-00048', '1st Year', 4, 'active', '2025-11-10 12:15:39', '2025-11-10 12:43:47'),
(50, 67, 'MCC2025-00049', '1st Year', 2, 'active', '2025-11-10 12:15:39', '2025-11-10 12:43:54'),
(51, 68, 'MCC2025-00050', '1st Year', 2, 'active', '2025-11-10 12:15:39', '2025-11-10 12:43:54'),
(52, 69, 'MCC2025-00051', '1st Year', 2, 'active', '2025-11-10 12:15:39', '2025-11-10 12:43:55'),
(53, 70, 'MCC2025-00052', '1st Year', 2, 'active', '2025-11-10 12:15:39', '2025-11-10 12:43:55'),
(54, 71, 'MCC2025-00053', '1st Year', 5, 'active', '2025-11-10 12:15:40', '2025-11-10 12:43:38'),
(55, 72, 'MCC2025-00054', '1st Year', 5, 'active', '2025-11-10 12:15:40', '2025-11-10 12:43:38'),
(56, 73, 'MCC2025-00055', '1st Year', 5, 'active', '2025-11-10 12:15:40', '2025-11-10 12:43:39'),
(57, 74, 'MCC2025-00056', '1st Year', 5, 'active', '2025-11-10 12:15:40', '2025-11-10 12:43:39'),
(58, 75, 'MCC2025-00057', '1st Year', 5, 'active', '2025-11-10 12:15:40', '2025-11-10 12:43:39'),
(59, 76, 'MCC2025-00058', '1st Year', 5, 'active', '2025-11-10 12:15:40', '2025-11-10 12:43:39'),
(60, 77, 'MCC2025-00059', '1st Year', 5, 'active', '2025-11-10 12:15:40', '2025-11-10 12:43:40'),
(61, 78, 'MCC2025-00060', '1st Year', 4, 'active', '2025-11-10 12:15:40', '2025-11-10 12:43:46'),
(62, 79, 'MCC2025-00061', '1st Year', 4, 'active', '2025-11-10 12:15:40', '2025-11-10 12:43:46'),
(63, 80, 'MCC2025-00062', '1st Year', 4, 'active', '2025-11-10 12:15:40', '2025-11-10 12:43:46'),
(64, 81, 'MCC2025-00063', '1st Year', 4, 'active', '2025-11-10 12:15:40', '2025-11-10 12:43:46'),
(65, 82, 'MCC2025-00064', '2nd Year', 4, 'active', '2025-11-10 12:15:40', '2025-11-10 12:42:55'),
(66, 83, 'MCC2025-00065', '2nd Year', 5, 'active', '2025-11-10 12:15:40', '2025-11-10 12:42:50'),
(67, 84, 'MCC2025-00066', '2nd Year', 4, 'active', '2025-11-10 12:15:40', '2025-11-10 12:42:55'),
(68, 85, 'MCC2025-00067', '2nd Year', 5, 'active', '2025-11-10 12:15:40', '2025-11-10 12:42:49'),
(69, 86, 'MCC2025-00068', '2nd Year', 5, 'active', '2025-11-10 12:15:41', '2025-11-10 12:42:49'),
(70, 87, 'MCC2025-00069', '2nd Year', 5, 'active', '2025-11-10 12:15:41', '2025-11-10 12:42:49'),
(71, 88, 'MCC2025-00070', '2nd Year', 5, 'active', '2025-11-10 12:15:41', '2025-11-10 12:42:49'),
(72, 89, 'MCC2025-00071', '2nd Year', 5, 'active', '2025-11-10 12:15:41', '2025-11-10 12:42:49'),
(73, 90, 'MCC2025-00072', '2nd Year', 5, 'active', '2025-11-10 12:15:41', '2025-11-10 12:42:48'),
(74, 91, 'MCC2025-00073', '2nd Year', 5, 'active', '2025-11-10 12:15:41', '2025-11-10 12:42:48'),
(75, 92, 'MCC2025-00074', '2nd Year', 5, 'active', '2025-11-10 12:15:41', '2025-11-10 12:42:48'),
(76, 93, 'MCC2025-00075', '2nd Year', 5, 'active', '2025-11-10 12:15:41', '2025-11-10 12:42:48'),
(77, 94, 'MCC2025-00076', '2nd Year', 5, 'active', '2025-11-10 12:15:41', '2025-11-10 12:42:47'),
(78, 95, 'MCC2025-00077', '2nd Year', 5, 'active', '2025-11-10 12:15:41', '2025-11-10 12:42:47'),
(79, 96, 'MCC2025-00078', '2nd Year', 5, 'active', '2025-11-10 12:15:41', '2025-11-10 12:42:47'),
(80, 97, 'MCC2025-00079', '3rd Year', 4, 'active', '2025-11-10 12:15:41', '2025-11-10 12:47:24'),
(81, 98, 'MCC2025-00080', '3rd Year', 4, 'active', '2025-11-10 12:15:41', '2025-11-10 12:47:36'),
(82, 99, 'MCC2025-00081', '3rd Year', 4, 'active', '2025-11-10 12:15:41', '2025-11-10 12:47:36'),
(83, 100, 'MCC2025-00082', '3rd Year', 4, 'active', '2025-11-10 12:15:42', '2025-11-10 12:47:24'),
(84, 101, 'MCC2025-00083', '3rd Year', 4, 'active', '2025-11-10 12:15:42', '2025-11-10 12:47:23'),
(85, 102, 'MCC2025-00084', '3rd Year', 4, 'active', '2025-11-10 12:15:42', '2025-11-10 12:47:23'),
(86, 103, 'MCC2025-00085', '3rd Year', 4, 'active', '2025-11-10 12:15:42', '2025-11-10 12:47:23'),
(87, 104, 'MCC2025-00086', '3rd Year', 4, 'active', '2025-11-10 12:15:42', '2025-11-10 12:47:22'),
(88, 105, 'MCC2025-00087', '3rd Year', 4, 'active', '2025-11-10 12:15:42', '2025-11-10 12:47:22'),
(89, 106, 'MCC2025-00088', '4th Year', NULL, 'active', '2025-11-10 12:15:42', '2025-11-10 19:15:42'),
(90, 107, 'MCC2025-00089', '4th Year', NULL, 'active', '2025-11-10 12:15:42', '2025-11-10 19:15:42'),
(91, 108, 'MCC2025-00090', '4th Year', NULL, 'active', '2025-11-10 12:15:42', '2025-11-10 19:15:42'),
(92, 109, 'MCC2025-00091', '4th Year', NULL, 'active', '2025-11-10 12:15:42', '2025-11-10 19:15:42'),
(93, 110, 'MCC2025-00092', '1st Year', 1, 'active', '2025-11-10 12:30:35', '2025-11-10 12:45:10'),
(94, 111, 'MCC2025-00093', '1st Year', 5, 'active', '2025-11-10 12:30:35', '2025-11-10 12:43:38'),
(95, 112, 'MCC2025-00094', '3rd Year', 4, 'active', '2025-11-10 12:30:35', '2025-11-10 12:47:22'),
(96, 113, 'MCC2025-00095', '4th Year', NULL, 'active', '2025-11-10 12:30:35', '2025-11-10 19:30:35'),
(97, 114, 'MCC2025-00096', '2nd Year', 5, 'active', '2025-11-10 12:30:35', '2025-11-10 12:42:46'),
(98, 115, 'MCC2025-00097', '3rd Year', 4, 'active', '2025-11-10 12:30:35', '2025-11-10 12:47:22'),
(99, 116, 'MCC2025-00098', '1st Year', 5, 'active', '2025-11-10 12:30:36', '2025-11-10 12:43:36'),
(100, 117, 'MCC2025-00099', '4th Year', NULL, 'active', '2025-11-10 12:30:36', '2025-11-10 19:30:36'),
(101, 118, 'MCC2025-00100', '3rd Year', 4, 'active', '2025-11-10 12:30:36', '2025-11-10 12:47:22'),
(102, 119, 'MCC2025-00101', '1st Year', 1, 'active', '2025-11-10 12:30:36', '2025-11-10 12:45:10'),
(103, 120, 'MCC2025-00102', '4th Year', NULL, 'active', '2025-11-10 12:30:36', '2025-11-10 19:30:36'),
(104, 121, 'MCC2025-00103', '2nd Year', 4, 'active', '2025-11-10 12:30:36', '2025-11-10 12:32:22'),
(105, 122, 'MCC2025-00104', '2nd Year', 4, 'active', '2025-11-10 12:30:36', '2025-11-10 12:32:22'),
(106, 123, 'MCC2025-00105', '1st Year', 5, 'active', '2025-11-10 12:30:36', '2025-11-10 12:43:37'),
(107, 124, 'MCC2025-00106', '2nd Year', 4, 'active', '2025-11-10 12:30:36', '2025-11-10 12:32:22'),
(108, 125, 'MCC2025-00107', '2nd Year', 4, 'active', '2025-11-10 12:30:36', '2025-11-10 12:32:21'),
(109, 126, 'MCC2025-00108', '1st Year', 5, 'active', '2025-11-10 12:30:36', '2025-11-10 12:43:37'),
(110, 127, 'MCC2025-00109', '2nd Year', 4, 'active', '2025-11-10 12:30:36', '2025-11-10 12:32:22'),
(111, 128, 'MCC2025-00110', '4th Year', NULL, 'active', '2025-11-10 12:30:36', '2025-11-10 19:30:36'),
(112, 129, 'MCC2025-00111', '4th Year', NULL, 'active', '2025-11-10 12:30:37', '2025-11-10 19:30:37'),
(113, 130, 'MCC2025-00112', '2nd Year', 4, 'active', '2025-11-10 12:30:37', '2025-11-10 12:32:21'),
(114, 131, 'MCC2025-00113', '2nd Year', 4, 'active', '2025-11-10 12:30:37', '2025-11-10 12:32:21'),
(115, 132, 'MCC2025-00114', '4th Year', NULL, 'active', '2025-11-10 12:30:37', '2025-11-10 19:30:37'),
(116, 133, 'MCC2025-00115', '1st Year', 5, 'active', '2025-11-10 12:30:37', '2025-11-10 12:43:36'),
(117, 134, 'MCC2025-00116', '3rd Year', 4, 'active', '2025-11-10 12:30:37', '2025-11-10 12:47:21'),
(118, 135, 'MCC2025-00117', '2nd Year', 4, 'active', '2025-11-10 12:30:37', '2025-11-10 12:32:21'),
(119, 136, 'MCC2025-00118', '1st Year', 5, 'active', '2025-11-10 12:30:37', '2025-11-10 12:43:36'),
(120, 137, 'MCC2025-00119', '4th Year', NULL, 'active', '2025-11-10 12:30:37', '2025-11-10 19:30:37'),
(121, 138, 'MCC2025-00120', '3rd Year', 4, 'active', '2025-11-10 12:30:37', '2025-11-10 12:47:21'),
(122, 139, 'MCC2025-00121', '3rd Year', 4, 'active', '2025-11-10 12:30:37', '2025-11-10 12:47:21'),
(123, 140, 'MCC2025-00122', '3rd Year', 4, 'active', '2025-11-10 12:30:37', '2025-11-10 12:47:20'),
(124, 141, 'MCC2025-00123', '4th Year', NULL, 'active', '2025-11-10 12:30:37', '2025-11-10 19:30:37'),
(125, 142, 'MCC2025-00124', '3rd Year', 4, 'active', '2025-11-10 12:30:37', '2025-11-10 12:47:19'),
(126, 143, 'MCC2025-00125', '3rd Year', 3, 'active', '2025-11-10 12:30:38', '2025-11-10 12:47:14'),
(127, 144, 'MCC2025-00126', '3rd Year', 4, 'active', '2025-11-10 12:30:38', '2025-11-10 12:47:19'),
(128, 145, 'MCC2025-00127', '4th Year', NULL, 'active', '2025-11-10 12:30:38', '2025-11-10 19:30:38'),
(129, 146, 'MCC2025-00128', '3rd Year', 3, 'active', '2025-11-10 12:30:38', '2025-11-10 12:47:14'),
(130, 147, 'MCC2025-00129', '2nd Year', 4, 'active', '2025-11-10 12:30:38', '2025-11-10 12:32:21'),
(131, 148, 'MCC2025-00130', '2nd Year', 4, 'active', '2025-11-10 12:30:38', '2025-11-10 12:32:20'),
(132, 149, 'MCC2025-00131', '1st Year', 6, 'active', '2025-11-10 12:30:38', '2025-11-10 12:43:27'),
(133, 150, 'MCC2025-00132', '1st Year', 2, 'active', '2025-11-10 12:30:38', '2025-11-10 12:44:34'),
(134, 151, 'MCC2025-00133', '4th Year', NULL, 'active', '2025-11-10 12:30:38', '2025-11-10 19:30:38'),
(135, 152, 'MCC2025-00134', '2nd Year', 4, 'active', '2025-11-10 12:30:38', '2025-11-10 12:32:19'),
(136, 153, 'MCC2025-00135', '1st Year', 6, 'active', '2025-11-10 12:30:38', '2025-11-10 12:43:27'),
(137, 154, 'MCC2025-00136', '1st Year', 5, 'active', '2025-11-10 12:30:38', '2025-11-10 12:43:36'),
(138, 155, 'MCC2025-00137', '1st Year', 5, 'active', '2025-11-10 12:30:38', '2025-11-10 12:43:36'),
(139, 156, 'MCC2025-00138', '2nd Year', 4, 'active', '2025-11-10 12:30:38', '2025-11-10 12:32:19'),
(140, 157, 'MCC2025-00139', '1st Year', 1, 'active', '2025-11-10 12:30:38', '2025-11-10 12:45:10'),
(141, 158, 'MCC2025-00140', '1st Year', 1, 'active', '2025-11-10 12:30:39', '2025-11-10 12:45:10'),
(142, 159, 'MCC2025-00141', '2nd Year', 4, 'active', '2025-11-10 12:30:39', '2025-11-10 12:32:19'),
(143, 160, 'MCC2025-00142', '4th Year', NULL, 'active', '2025-11-10 12:30:39', '2025-11-10 19:30:39'),
(144, 161, 'MCC2025-00143', '2nd Year', 3, 'active', '2025-11-10 12:30:39', '2025-11-10 12:32:10'),
(145, 162, 'MCC2025-00144', '1st Year', 2, 'active', '2025-11-10 12:30:39', '2025-11-10 12:44:34'),
(146, 163, 'MCC2025-00145', '2nd Year', 3, 'active', '2025-11-10 12:30:39', '2025-11-10 12:32:10'),
(147, 164, 'MCC2025-00146', '3rd Year', 3, 'active', '2025-11-10 12:30:39', '2025-11-10 12:47:13'),
(148, 165, 'MCC2025-00147', '3rd Year', 3, 'active', '2025-11-10 12:30:39', '2025-11-10 12:47:13'),
(149, 166, 'MCC2025-00148', '1st Year', 2, 'active', '2025-11-10 12:30:39', '2025-11-10 12:44:34'),
(150, 167, 'MCC2025-00149', '3rd Year', 3, 'active', '2025-11-10 12:30:39', '2025-11-10 12:47:13'),
(151, 168, 'MCC2025-00150', '3rd Year', 3, 'active', '2025-11-10 12:30:39', '2025-11-10 12:47:14'),
(152, 169, 'MCC2025-00151', '3rd Year', 3, 'active', '2025-11-10 12:30:39', '2025-11-10 12:47:14'),
(153, 170, 'MCC2025-00152', '4th Year', NULL, 'active', '2025-11-10 12:30:39', '2025-11-10 19:30:39'),
(154, 171, 'MCC2025-00153', '3rd Year', 3, 'active', '2025-11-10 12:30:39', '2025-11-10 12:47:14'),
(155, 172, 'MCC2025-00154', '3rd Year', 3, 'active', '2025-11-10 12:30:40', '2025-11-10 12:47:13'),
(156, 173, 'MCC2025-00155', '3rd Year', 3, 'active', '2025-11-10 12:30:40', '2025-11-10 12:47:13'),
(157, 174, 'MCC2025-00156', '2nd Year', 3, 'active', '2025-11-10 12:30:40', '2025-11-10 12:32:10'),
(158, 175, 'MCC2025-00157', '3rd Year', 3, 'active', '2025-11-10 12:30:40', '2025-11-10 12:47:12'),
(159, 176, 'MCC2025-00158', '4th Year', NULL, 'active', '2025-11-10 12:30:40', '2025-11-10 19:30:40'),
(160, 177, 'MCC2025-00159', '3rd Year', 3, 'active', '2025-11-10 12:30:40', '2025-11-10 12:47:13'),
(161, 178, 'MCC2025-00160', '3rd Year', 3, 'active', '2025-11-10 12:30:40', '2025-11-10 12:47:12'),
(162, 179, 'MCC2025-00161', '3rd Year', 3, 'active', '2025-11-10 12:30:40', '2025-11-10 12:47:12'),
(163, 180, 'MCC2025-00162', '2nd Year', 3, 'active', '2025-11-10 12:30:40', '2025-11-10 12:32:10'),
(164, 181, 'MCC2025-00163', '3rd Year', 3, 'active', '2025-11-10 12:30:40', '2025-11-10 12:47:12'),
(165, 182, 'MCC2025-00164', '4th Year', NULL, 'active', '2025-11-10 12:30:40', '2025-11-10 19:30:40'),
(166, 183, 'MCC2025-00165', '2nd Year', 3, 'active', '2025-11-10 12:30:40', '2025-11-10 12:32:09'),
(167, 184, 'MCC2025-00166', '2nd Year', 3, 'active', '2025-11-10 12:30:40', '2025-11-10 12:32:09'),
(168, 185, 'MCC2025-00167', '3rd Year', 3, 'active', '2025-11-10 12:30:40', '2025-11-10 12:47:12'),
(169, 186, 'MCC2025-00168', '2nd Year', 3, 'active', '2025-11-10 12:30:40', '2025-11-10 12:32:09'),
(170, 187, 'MCC2025-00169', '2nd Year', 3, 'active', '2025-11-10 12:30:41', '2025-11-10 12:32:09'),
(171, 188, 'MCC2025-00170', '3rd Year', 3, 'active', '2025-11-10 12:30:41', '2025-11-10 12:47:12'),
(172, 189, 'MCC2025-00171', '3rd Year', 3, 'active', '2025-11-10 12:30:41', '2025-11-10 12:47:11'),
(173, 190, 'MCC2025-00172', '1st Year', 6, 'active', '2025-11-10 12:30:41', '2025-11-10 12:43:23'),
(174, 191, 'MCC2025-00173', '1st Year', 1, 'active', '2025-11-10 12:30:41', '2025-11-10 12:45:09'),
(175, 192, 'MCC2025-00174', '3rd Year', 3, 'active', '2025-11-10 12:30:41', '2025-11-10 12:47:11'),
(176, 193, 'MCC2025-00175', '2nd Year', 3, 'active', '2025-11-10 12:30:41', '2025-11-10 12:32:09'),
(177, 194, 'MCC2025-00176', '1st Year', 1, 'active', '2025-11-10 12:30:41', '2025-11-10 12:45:10'),
(178, 195, 'MCC2025-00177', '2nd Year', 3, 'active', '2025-11-10 12:30:41', '2025-11-10 12:32:08'),
(179, 196, 'MCC2025-00178', '1st Year', 6, 'active', '2025-11-10 12:30:41', '2025-11-10 12:43:23'),
(180, 197, 'MCC2025-00179', '1st Year', 6, 'active', '2025-11-10 12:30:41', '2025-11-10 12:43:23'),
(181, 198, 'MCC2025-00180', '1st Year', 2, 'active', '2025-11-10 12:30:41', '2025-11-10 12:44:34'),
(182, 199, 'MCC2025-00181', '1st Year', 6, 'active', '2025-11-10 12:30:41', '2025-11-10 12:43:24'),
(183, 200, 'MCC2025-00182', '1st Year', 6, 'active', '2025-11-10 12:30:41', '2025-11-10 12:43:24'),
(184, 201, 'MCC2025-00183', '3rd Year', 2, 'active', '2025-11-10 12:30:42', '2025-11-10 12:47:04'),
(185, 202, 'MCC2025-00184', '1st Year', 6, 'active', '2025-11-10 12:30:42', '2025-11-10 12:43:22'),
(186, 203, 'MCC2025-00185', '3rd Year', 3, 'active', '2025-11-10 12:30:42', '2025-11-10 12:47:11'),
(187, 204, 'MCC2025-00186', '4th Year', NULL, 'active', '2025-11-10 12:30:42', '2025-11-10 19:30:42'),
(188, 205, 'MCC2025-00187', '2nd Year', 3, 'active', '2025-11-10 12:30:42', '2025-11-10 12:32:08'),
(189, 206, 'MCC2025-00188', '2nd Year', 3, 'active', '2025-11-10 12:30:42', '2025-11-10 12:32:08'),
(190, 207, 'MCC2025-00189', '1st Year', 6, 'active', '2025-11-10 12:30:42', '2025-11-10 12:43:22'),
(191, 208, 'MCC2025-00190', '2nd Year', 3, 'active', '2025-11-10 12:30:42', '2025-11-10 12:32:08'),
(192, 209, 'MCC2025-00191', '4th Year', NULL, 'active', '2025-11-10 12:30:42', '2025-11-10 19:30:42'),
(193, 210, 'MCC2025-00192', '3rd Year', 2, 'active', '2025-11-10 12:30:42', '2025-11-10 12:47:03'),
(194, 211, 'MCC2025-00193', '3rd Year', 2, 'active', '2025-11-10 12:30:42', '2025-11-10 12:47:03'),
(195, 212, 'MCC2025-00194', '1st Year', 6, 'active', '2025-11-10 12:30:42', '2025-11-10 12:43:23'),
(196, 213, 'MCC2025-00195', '2nd Year', 3, 'active', '2025-11-10 12:30:42', '2025-11-10 12:32:07'),
(197, 214, 'MCC2025-00196', '2nd Year', 3, 'active', '2025-11-10 12:30:42', '2025-11-10 12:32:08'),
(198, 215, 'MCC2025-00197', '3rd Year', 2, 'active', '2025-11-10 12:30:42', '2025-11-10 12:47:04'),
(199, 216, 'MCC2025-00198', '1st Year', 3, 'active', '2025-11-10 12:30:43', '2025-11-10 12:43:17'),
(200, 217, 'MCC2025-00199', '3rd Year', 2, 'active', '2025-11-10 12:30:43', '2025-11-10 12:47:02'),
(201, 218, 'MCC2025-00200', '1st Year', 3, 'active', '2025-11-10 12:30:43', '2025-11-10 12:43:18'),
(202, 219, 'MCC2025-00201', '3rd Year', 2, 'active', '2025-11-10 12:30:43', '2025-11-10 12:47:02'),
(203, 220, 'MCC2025-00202', '1st Year', 4, 'active', '2025-11-10 12:30:43', '2025-11-10 12:45:57'),
(204, 221, 'MCC2025-00203', '2nd Year', 3, 'active', '2025-11-10 12:30:43', '2025-11-10 12:32:07'),
(205, 222, 'MCC2025-00204', '1st Year', 3, 'active', '2025-11-10 12:30:43', '2025-11-10 12:43:18'),
(206, 223, 'MCC2025-00205', '4th Year', NULL, 'active', '2025-11-10 12:30:43', '2025-11-10 19:30:43'),
(207, 224, 'MCC2025-00206', '1st Year', 3, 'active', '2025-11-10 12:30:43', '2025-11-10 12:43:18'),
(208, 225, 'MCC2025-00207', '2nd Year', 3, 'active', '2025-11-10 12:30:43', '2025-11-10 12:32:07'),
(209, 226, 'MCC2025-00208', '3rd Year', 2, 'active', '2025-11-10 12:30:43', '2025-11-10 12:47:02'),
(210, 227, 'MCC2025-00209', '3rd Year', 2, 'active', '2025-11-10 12:30:43', '2025-11-10 12:47:03'),
(211, 228, 'MCC2025-00210', '3rd Year', 2, 'active', '2025-11-10 12:30:43', '2025-11-10 12:47:03'),
(212, 229, 'MCC2025-00211', '4th Year', NULL, 'active', '2025-11-10 12:30:43', '2025-11-10 19:30:43'),
(213, 230, 'MCC2025-00212', '2nd Year', 3, 'active', '2025-11-10 12:30:44', '2025-11-10 12:32:06'),
(214, 231, 'MCC2025-00213', '4th Year', NULL, 'active', '2025-11-10 12:30:44', '2025-11-10 19:30:44'),
(215, 232, 'MCC2025-00214', '4th Year', NULL, 'active', '2025-11-10 12:30:44', '2025-11-10 19:30:44'),
(216, 233, 'MCC2025-00215', '2nd Year', 3, 'active', '2025-11-10 12:30:44', '2025-11-10 12:32:06'),
(217, 234, 'MCC2025-00216', '4th Year', NULL, 'active', '2025-11-10 12:30:44', '2025-11-10 19:30:44'),
(218, 235, 'MCC2025-00217', '3rd Year', 2, 'active', '2025-11-10 12:30:44', '2025-11-10 12:47:02'),
(219, 236, 'MCC2025-00218', '2nd Year', 3, 'active', '2025-11-10 12:30:44', '2025-11-10 12:32:06'),
(220, 237, 'MCC2025-00219', '1st Year', 3, 'active', '2025-11-10 12:30:44', '2025-11-10 12:43:17'),
(221, 238, 'MCC2025-00220', '2nd Year', 3, 'active', '2025-11-10 12:30:44', '2025-11-10 12:32:06'),
(222, 239, 'MCC2025-00221', '2nd Year', 3, 'active', '2025-11-10 12:30:44', '2025-11-10 12:32:07'),
(223, 240, 'MCC2025-00222', '1st Year', 3, 'active', '2025-11-10 12:30:44', '2025-11-10 12:43:17'),
(224, 241, 'MCC2025-00223', '3rd Year', 2, 'active', '2025-11-10 12:30:44', '2025-11-10 12:47:02'),
(225, 242, 'MCC2025-00224', '2nd Year', 3, 'active', '2025-11-10 12:30:44', '2025-11-10 12:32:06'),
(226, 243, 'MCC2025-00225', '2nd Year', 2, 'active', '2025-11-10 12:30:44', '2025-11-10 12:31:59'),
(227, 244, 'MCC2025-00226', '4th Year', NULL, 'active', '2025-11-10 12:30:44', '2025-11-10 19:30:44'),
(228, 245, 'MCC2025-00227', '4th Year', NULL, 'active', '2025-11-10 12:30:45', '2025-11-10 19:30:45'),
(229, 246, 'MCC2025-00228', '2nd Year', 2, 'active', '2025-11-10 12:30:45', '2025-11-10 12:31:58'),
(230, 247, 'MCC2025-00229', '3rd Year', 2, 'active', '2025-11-10 12:30:45', '2025-11-10 12:47:01'),
(231, 248, 'MCC2025-00230', '1st Year', 3, 'active', '2025-11-10 12:30:45', '2025-11-10 12:43:16'),
(232, 249, 'MCC2025-00231', '1st Year', 3, 'active', '2025-11-10 12:30:45', '2025-11-10 12:43:16'),
(233, 250, 'MCC2025-00232', '1st Year', 3, 'active', '2025-11-10 12:30:45', '2025-11-10 12:43:16'),
(234, 251, 'MCC2025-00233', '3rd Year', 2, 'active', '2025-11-10 12:30:45', '2025-11-10 12:47:01'),
(235, 252, 'MCC2025-00234', '3rd Year', 2, 'active', '2025-11-10 12:30:45', '2025-11-10 12:47:01'),
(236, 253, 'MCC2025-00235', '2nd Year', 2, 'active', '2025-11-10 12:30:45', '2025-11-10 12:31:58'),
(237, 254, 'MCC2025-00236', '4th Year', NULL, 'active', '2025-11-10 12:30:45', '2025-11-10 19:30:45'),
(238, 255, 'MCC2025-00237', '2nd Year', 2, 'active', '2025-11-10 12:30:45', '2025-11-10 12:31:58'),
(239, 256, 'MCC2025-00238', '1st Year', 3, 'active', '2025-11-10 12:30:45', '2025-11-10 12:43:17'),
(240, 257, 'MCC2025-00239', '1st Year', 1, 'active', '2025-11-10 12:30:45', '2025-11-10 12:45:50'),
(241, 258, 'MCC2025-00240', '2nd Year', 2, 'active', '2025-11-10 12:30:45', '2025-11-10 12:31:59'),
(242, 259, 'MCC2025-00241', '3rd Year', 2, 'active', '2025-11-10 12:30:46', '2025-11-10 12:47:01'),
(243, 260, 'MCC2025-00242', '3rd Year', 2, 'active', '2025-11-10 12:30:46', '2025-11-10 12:47:01'),
(244, 261, 'MCC2025-00243', '1st Year', 3, 'active', '2025-11-10 12:30:46', '2025-11-10 12:43:15'),
(245, 262, 'MCC2025-00244', '1st Year', 1, 'active', '2025-11-10 12:30:46', '2025-11-10 12:45:49'),
(246, 263, 'MCC2025-00245', '3rd Year', 2, 'active', '2025-11-10 12:30:46', '2025-11-10 12:47:00'),
(247, 264, 'MCC2025-00246', '1st Year', 3, 'active', '2025-11-10 12:30:46', '2025-11-10 12:43:15'),
(248, 265, 'MCC2025-00247', '2nd Year', 2, 'active', '2025-11-10 12:30:46', '2025-11-10 12:31:58'),
(249, 266, 'MCC2025-00248', '4th Year', NULL, 'active', '2025-11-10 12:30:46', '2025-11-10 19:30:46'),
(250, 267, 'MCC2025-00249', '4th Year', NULL, 'active', '2025-11-10 12:30:46', '2025-11-10 19:30:46'),
(251, 268, 'MCC2025-00250', '3rd Year', 2, 'active', '2025-11-10 12:30:46', '2025-11-10 12:46:51'),
(252, 269, 'MCC2025-00251', '2nd Year', 2, 'active', '2025-11-10 12:30:46', '2025-11-10 12:31:58'),
(253, 270, 'MCC2025-00252', '1st Year', 3, 'active', '2025-11-10 12:30:46', '2025-11-10 12:43:16'),
(254, 271, 'MCC2025-00253', '3rd Year', 2, 'active', '2025-11-10 12:30:46', '2025-11-10 12:46:51'),
(255, 272, 'MCC2025-00254', '2nd Year', 2, 'active', '2025-11-10 12:30:46', '2025-11-10 12:31:57'),
(256, 273, 'MCC2025-00255', '1st Year', 3, 'active', '2025-11-10 12:30:46', '2025-11-10 12:43:16'),
(257, 274, 'MCC2025-00256', '3rd Year', 1, 'active', '2025-11-10 12:30:47', '2025-11-10 12:46:45'),
(258, 275, 'MCC2025-00257', '2nd Year', 2, 'active', '2025-11-10 12:30:47', '2025-11-10 12:31:57'),
(259, 276, 'MCC2025-00258', '2nd Year', 2, 'active', '2025-11-10 12:30:47', '2025-11-10 12:31:57'),
(260, 277, 'MCC2025-00259', '4th Year', NULL, 'active', '2025-11-10 12:30:47', '2025-11-10 19:30:47'),
(261, 278, 'MCC2025-00260', '2nd Year', 2, 'active', '2025-11-10 12:30:47', '2025-11-10 12:31:57'),
(262, 279, 'MCC2025-00261', '1st Year', 3, 'active', '2025-11-10 12:30:47', '2025-11-10 12:43:14'),
(263, 280, 'MCC2025-00262', '1st Year', 3, 'active', '2025-11-10 12:30:47', '2025-11-10 12:43:15'),
(264, 281, 'MCC2025-00263', '3rd Year', 2, 'active', '2025-11-10 12:30:47', '2025-11-10 12:46:50'),
(265, 282, 'MCC2025-00264', '1st Year', 1, 'active', '2025-11-10 12:30:47', '2025-11-10 12:45:49'),
(266, 283, 'MCC2025-00265', '1st Year', 3, 'active', '2025-11-10 12:30:47', '2025-11-10 12:43:15'),
(267, 284, 'MCC2025-00266', '4th Year', NULL, 'active', '2025-11-10 12:30:47', '2025-11-10 19:30:47'),
(268, 285, 'MCC2025-00267', '4th Year', NULL, 'active', '2025-11-10 12:30:47', '2025-11-10 19:30:47'),
(269, 286, 'MCC2025-00268', '2nd Year', 2, 'active', '2025-11-10 12:30:47', '2025-11-10 12:31:57'),
(270, 287, 'MCC2025-00269', '4th Year', NULL, 'active', '2025-11-10 12:30:47', '2025-11-10 19:30:47'),
(271, 288, 'MCC2025-00270', '3rd Year', 1, 'active', '2025-11-10 12:30:48', '2025-11-10 12:46:45'),
(272, 289, 'MCC2025-00271', '2nd Year', 2, 'active', '2025-11-10 12:30:48', '2025-11-10 12:31:56'),
(273, 290, 'MCC2025-00272', '1st Year', 6, 'active', '2025-11-10 12:30:48', '2025-11-10 12:31:30'),
(274, 291, 'MCC2025-00273', '3rd Year', 1, 'active', '2025-11-10 12:30:48', '2025-11-10 12:46:45'),
(275, 292, 'MCC2025-00274', '4th Year', NULL, 'active', '2025-11-10 12:30:48', '2025-11-10 19:30:48'),
(276, 293, 'MCC2025-00275', '2nd Year', 2, 'active', '2025-11-10 12:30:48', '2025-11-10 12:31:56'),
(277, 294, 'MCC2025-00276', '1st Year', 6, 'active', '2025-11-10 12:30:48', '2025-11-10 12:31:30'),
(278, 295, 'MCC2025-00277', '4th Year', NULL, 'active', '2025-11-10 12:30:48', '2025-11-10 19:30:48'),
(279, 296, 'MCC2025-00278', '2nd Year', 2, 'active', '2025-11-10 12:30:48', '2025-11-10 12:31:56'),
(280, 297, 'MCC2025-00279', '2nd Year', 2, 'active', '2025-11-10 12:30:48', '2025-11-10 12:31:55'),
(281, 298, 'MCC2025-00280', '4th Year', NULL, 'active', '2025-11-10 12:30:48', '2025-11-10 19:30:48'),
(282, 299, 'MCC2025-00281', '3rd Year', 1, 'active', '2025-11-10 12:30:48', '2025-11-10 12:46:45'),
(283, 300, 'MCC2025-00282', '4th Year', NULL, 'active', '2025-11-10 12:30:48', '2025-11-10 19:30:48'),
(284, 301, 'MCC2025-00283', '4th Year', NULL, 'active', '2025-11-10 12:30:48', '2025-11-10 19:30:48'),
(285, 302, 'MCC2025-00284', '2nd Year', 2, 'active', '2025-11-10 12:30:48', '2025-11-10 12:31:56'),
(286, 303, 'MCC2025-00285', '3rd Year', 1, 'active', '2025-11-10 12:30:49', '2025-11-10 12:46:44'),
(287, 304, 'MCC2025-00286', '3rd Year', 1, 'active', '2025-11-10 12:30:49', '2025-11-10 12:46:44'),
(288, 305, 'MCC2025-00287', '1st Year', 6, 'active', '2025-11-10 12:30:49', '2025-11-10 12:31:29'),
(289, 306, 'MCC2025-00288', '2nd Year', 1, 'active', '2025-11-10 12:30:49', '2025-11-10 12:31:48'),
(290, 307, 'MCC2025-00289', '4th Year', NULL, 'active', '2025-11-10 12:30:49', '2025-11-10 19:30:49'),
(291, 308, 'MCC2025-00290', '3rd Year', 1, 'active', '2025-11-10 12:30:49', '2025-11-10 12:46:44'),
(292, 309, 'MCC2025-00291', '4th Year', NULL, 'active', '2025-11-10 12:30:49', '2025-11-10 19:30:49'),
(293, 310, 'MCC2025-00292', '3rd Year', 1, 'active', '2025-11-10 12:30:49', '2025-11-10 12:46:44'),
(294, 311, 'MCC2025-00293', '4th Year', NULL, 'active', '2025-11-10 12:30:49', '2025-11-10 19:30:49'),
(295, 312, 'MCC2025-00294', '4th Year', NULL, 'active', '2025-11-10 12:30:49', '2025-11-10 19:30:49'),
(296, 313, 'MCC2025-00295', '1st Year', 6, 'active', '2025-11-10 12:30:49', '2025-11-10 12:31:30'),
(297, 314, 'MCC2025-00296', '2nd Year', 1, 'active', '2025-11-10 12:30:49', '2025-11-10 12:31:48'),
(298, 315, 'MCC2025-00297', '1st Year', 6, 'active', '2025-11-10 12:30:49', '2025-11-10 12:31:30'),
(299, 316, 'MCC2025-00298', '2nd Year', 1, 'active', '2025-11-10 12:30:49', '2025-11-10 12:31:47'),
(300, 317, 'MCC2025-00299', '2nd Year', 1, 'active', '2025-11-10 12:30:49', '2025-11-10 12:31:47'),
(301, 318, 'MCC2025-00300', '2nd Year', 1, 'active', '2025-11-10 12:30:50', '2025-11-10 12:31:47'),
(302, 319, 'MCC2025-00301', '3rd Year', 1, 'active', '2025-11-10 12:30:50', '2025-11-10 12:46:44'),
(303, 320, 'MCC2025-00302', '4th Year', NULL, 'active', '2025-11-10 12:30:50', '2025-11-10 19:30:50'),
(304, 321, 'MCC2025-00303', '3rd Year', 1, 'active', '2025-11-10 12:30:50', '2025-11-10 12:46:43'),
(305, 322, 'MCC2025-00304', '4th Year', NULL, 'active', '2025-11-10 12:30:50', '2025-11-10 19:30:50'),
(306, 323, 'MCC2025-00305', '4th Year', NULL, 'active', '2025-11-10 12:30:50', '2025-11-10 19:30:50'),
(307, 324, 'MCC2025-00306', '1st Year', 6, 'active', '2025-11-10 12:30:50', '2025-11-10 12:31:29'),
(308, 325, 'MCC2025-00307', '2nd Year', 1, 'active', '2025-11-10 12:30:50', '2025-11-10 12:31:47'),
(309, 326, 'MCC2025-00308', '2nd Year', 1, 'active', '2025-11-10 12:30:50', '2025-11-10 12:31:47'),
(310, 327, 'MCC2025-00309', '2nd Year', 1, 'active', '2025-11-10 12:30:50', '2025-11-10 12:31:46'),
(311, 328, 'MCC2025-00310', '3rd Year', 1, 'active', '2025-11-10 12:30:50', '2025-11-10 12:46:44'),
(312, 329, 'MCC2025-00311', '2nd Year', 1, 'active', '2025-11-10 12:30:50', '2025-11-10 12:31:46'),
(313, 330, 'MCC2025-00312', '4th Year', NULL, 'active', '2025-11-10 12:30:50', '2025-11-10 19:30:50'),
(314, 331, 'MCC2025-00313', '4th Year', NULL, 'active', '2025-11-10 12:30:50', '2025-11-10 19:30:50'),
(315, 332, 'MCC2025-00314', '2nd Year', 1, 'active', '2025-11-10 12:30:51', '2025-11-10 12:31:46'),
(316, 333, 'MCC2025-00315', '3rd Year', 1, 'active', '2025-11-10 12:30:51', '2025-11-10 12:46:43'),
(317, 334, 'MCC2025-00316', '2nd Year', 1, 'active', '2025-11-10 12:30:51', '2025-11-10 12:31:46'),
(318, 335, 'MCC2025-00317', '4th Year', NULL, 'active', '2025-11-10 12:30:51', '2025-11-10 19:30:51'),
(319, 336, 'MCC2025-00318', '1st Year', 6, 'active', '2025-11-10 12:30:51', '2025-11-10 12:31:28'),
(320, 337, 'MCC2025-00319', '2nd Year', 1, 'active', '2025-11-10 12:30:51', '2025-11-10 12:31:45'),
(321, 338, 'MCC2025-00320', '1st Year', 6, 'active', '2025-11-10 12:30:51', '2025-11-10 12:31:28'),
(322, 339, 'MCC2025-00321', '1st Year', 6, 'active', '2025-11-10 12:30:51', '2025-11-10 12:31:28'),
(323, 340, 'MCC2025-00322', '2nd Year', 1, 'active', '2025-11-10 12:30:51', '2025-11-10 12:31:46'),
(324, 341, 'MCC2025-00323', '1st Year', 1, 'active', '2025-11-10 12:30:51', '2025-11-10 12:45:09'),
(325, 342, 'MCC2025-00324', '2nd Year', 1, 'active', '2025-11-10 12:30:51', '2025-11-10 12:31:45'),
(326, 343, 'MCC2025-00325', '1st Year', 1, 'active', '2025-11-10 12:30:51', '2025-11-10 12:45:09'),
(327, 344, 'MCC2025-00326', '3rd Year', 1, 'active', '2025-11-10 12:30:51', '2025-11-10 12:46:43'),
(328, 345, 'MCC2025-00327', '1st Year', 6, 'active', '2025-11-10 12:30:51', '2025-11-10 12:31:29'),
(329, 346, 'MCC2025-00328', '4th Year', NULL, 'active', '2025-11-10 12:30:51', '2025-11-10 19:30:51'),
(330, 347, 'MCC2025-00329', '1st Year', 5, 'active', '2025-11-10 12:30:52', '2025-11-10 12:31:19'),
(331, 348, 'MCC2025-00330', '2nd Year', 1, 'active', '2025-11-10 12:30:52', '2025-11-10 12:31:45'),
(332, 349, 'MCC2025-00331', '2nd Year', 1, 'active', '2025-11-10 12:30:52', '2025-11-10 12:31:45'),
(333, 350, 'MCC2025-00332', '2nd Year', 1, 'active', '2025-11-10 12:30:52', '2025-11-10 12:31:45'),
(334, 351, 'MCC2025-00333', '3rd Year', 1, 'active', '2025-11-10 12:30:52', '2025-11-10 12:46:43'),
(335, 352, 'MCC2025-00334', '2nd Year', 1, 'active', '2025-11-10 12:30:52', '2025-11-10 12:31:45'),
(336, 353, 'MCC2025-00335', '1st Year', 1, 'active', '2025-11-10 12:30:52', '2025-11-10 12:45:09'),
(337, 354, 'MCC2025-00336', '2nd Year', 1, 'active', '2025-11-10 12:30:52', '2025-11-10 12:31:44'),
(338, 355, 'MCC2025-00337', '1st Year', 2, 'active', '2025-11-10 12:30:52', '2025-11-10 12:44:33'),
(339, 356, 'MCC2025-00338', '3rd Year', 1, 'active', '2025-11-10 12:30:52', '2025-11-10 12:46:43'),
(340, 357, 'MCC2025-00339', '4th Year', NULL, 'active', '2025-11-10 12:30:52', '2025-11-10 19:30:52'),
(341, 358, 'MCC2025-00340', '1st Year', 2, 'active', '2025-11-10 12:30:52', '2025-11-10 12:44:33'),
(342, 359, 'MCC2025-00341', '4th Year', NULL, 'active', '2025-11-10 12:30:52', '2025-11-10 19:30:52'),
(343, 360, 'MCC2025-00342', '1st Year', 2, 'active', '2025-11-10 12:30:52', '2025-11-10 12:44:33'),
(344, 361, 'MCC2025-00343', '2nd Year', 1, 'active', '2025-11-10 12:30:53', '2025-11-10 12:31:44'),
(345, 362, 'MCC2025-00344', '4th Year', NULL, 'active', '2025-11-10 12:30:53', '2025-11-10 19:30:53'),
(346, 363, 'MCC2025-00345', '2nd Year', 1, 'active', '2025-11-10 12:30:53', '2025-11-10 12:31:44'),
(347, 364, 'MCC2025-00346', '1st Year', 1, 'active', '2025-11-10 12:30:53', '2025-11-10 12:45:09'),
(348, 365, 'MCC2025-00347', '1st Year', 5, 'active', '2025-11-10 12:30:53', '2025-11-10 12:31:17'),
(349, 366, 'MCC2025-00348', '4th Year', 1, 'active', '2025-11-10 12:30:53', '2025-11-13 21:29:22'),
(350, 367, 'MCC2025-00349', '1st Year', 5, 'active', '2025-11-10 12:30:53', '2025-11-10 12:31:18'),
(351, 368, 'MCC2025-00350', '3rd Year', 1, 'active', '2025-11-10 12:30:53', '2025-11-10 12:46:42'),
(352, 369, 'MCC2025-00351', '4th Year', 1, 'active', '2025-11-10 12:30:53', '2025-11-13 21:29:20'),
(353, 370, 'MCC2025-00352', '1st Year', 5, 'active', '2025-11-10 12:30:53', '2025-11-10 12:31:19'),
(354, 371, 'MCC2025-00353', '4th Year', 1, 'active', '2025-11-10 12:30:53', '2025-11-13 21:29:19'),
(355, 372, 'MCC2025-00354', '4th Year', 1, 'active', '2025-11-10 12:30:53', '2025-11-13 21:29:18'),
(356, 373, 'MCC2025-00355', '3rd Year', 1, 'active', '2025-11-10 12:30:53', '2025-11-10 12:46:42'),
(357, 374, 'MCC2025-00356', '2nd Year', 1, 'active', '2025-11-10 12:30:53', '2025-11-10 12:31:44'),
(358, 375, 'MCC2025-00357', '3rd Year', 1, 'active', '2025-11-10 12:30:53', '2025-11-10 12:46:41'),
(359, 376, 'MCC2025-00358', '2nd Year', 1, 'active', '2025-11-10 12:30:54', '2025-11-10 12:31:43'),
(360, 377, 'MCC2025-00359', '4th Year', 1, 'active', '2025-11-10 12:30:54', '2025-11-13 21:29:15'),
(361, 378, 'MCC2025-00360', '3rd Year', 1, 'active', '2025-11-10 12:30:54', '2025-11-10 12:46:40'),
(362, 379, 'MCC2025-00361', '3rd Year', 1, 'active', '2025-11-10 12:30:54', '2025-11-10 12:46:41'),
(363, 380, 'MCC2025-00362', '2nd Year', 1, 'active', '2025-11-10 12:30:54', '2025-11-10 12:31:44'),
(364, 381, 'MCC2025-00363', '4th Year', 1, 'active', '2025-11-10 12:30:54', '2025-11-13 21:29:17'),
(379, 398, 'MCC2025-00364', '1st Year', NULL, 'active', '2025-11-13 10:28:17', '2025-11-13 10:28:17'),
(386, 405, 'MCC2025-00365', '2nd Year', NULL, 'active', '2025-11-13 12:16:01', '2025-11-13 19:16:01'),
(387, 406, 'MCC2025-00366', '3rd Year', NULL, 'active', '2025-11-13 21:27:39', '2025-11-14 04:27:39'),
(388, 407, 'MCC2025-00367', '3rd Year', NULL, 'active', '2025-11-13 21:29:55', '2025-11-14 04:29:55'),
(389, 408, 'MCC2025-00368', '3rd Year', NULL, 'active', '2025-11-13 21:29:55', '2025-11-14 04:29:55'),
(390, 409, 'MCC2025-00369', '3rd Year', NULL, 'active', '2025-11-13 21:29:55', '2025-11-14 04:29:55');

-- --------------------------------------------------------

--
-- Table structure for table `student_subjects`
--

CREATE TABLE `student_subjects` (
  `id` int UNSIGNED NOT NULL,
  `student_id` int UNSIGNED NOT NULL,
  `subject_id` int UNSIGNED NOT NULL,
  `created_at` timestamp NULL DEFAULT CURRENT_TIMESTAMP,
  `updated_at` timestamp NULL DEFAULT CURRENT_TIMESTAMP ON UPDATE CURRENT_TIMESTAMP
) ENGINE=InnoDB DEFAULT CHARSET=utf8mb4 COLLATE=utf8mb4_unicode_ci;

-- --------------------------------------------------------

--
-- Table structure for table `subjects`
--

CREATE TABLE `subjects` (
  `id` int UNSIGNED NOT NULL,
  `course_code` varchar(20) CHARACTER SET utf8mb4 COLLATE utf8mb4_unicode_ci NOT NULL COMMENT 'Unique course identifier (e.g., ITP 411)',
  `course_name` varchar(255) CHARACTER SET utf8mb4 COLLATE utf8mb4_unicode_ci NOT NULL COMMENT 'Full name of the course',
  `credits` tinyint UNSIGNED NOT NULL DEFAULT '3' COMMENT 'Number of academic credits',
  `category` enum('major','general_education','elective') CHARACTER SET utf8mb4 COLLATE utf8mb4_unicode_ci NOT NULL DEFAULT 'major' COMMENT 'Course category',
  `year_level` enum('1st Year','2nd Year','3rd Year','4th Year') CHARACTER SET utf8mb4 COLLATE utf8mb4_unicode_ci NOT NULL COMMENT 'Target year level',
  `semester` enum('1st Semester','2nd Semester','Summer') CHARACTER SET utf8mb4 COLLATE utf8mb4_unicode_ci NOT NULL COMMENT 'Semester offered',
  `status` enum('active','inactive') CHARACTER SET utf8mb4 COLLATE utf8mb4_unicode_ci NOT NULL DEFAULT 'active' COMMENT 'Whether the subject is currently offered',
  `created_at` timestamp NULL DEFAULT CURRENT_TIMESTAMP,
  `updated_at` timestamp NULL DEFAULT CURRENT_TIMESTAMP ON UPDATE CURRENT_TIMESTAMP
) ENGINE=InnoDB DEFAULT CHARSET=utf8mb4 COLLATE=utf8mb4_unicode_ci;

--
-- Dumping data for table `subjects`
--

INSERT INTO `subjects` (`id`, `course_code`, `course_name`, `credits`, `category`, `year_level`, `semester`, `status`, `created_at`, `updated_at`) VALUES
(1, 'Eng 001', 'Grammar and Composition 1', 3, 'general_education', '1st Year', '1st Semester', 'active', '2025-11-06 15:37:00', '2025-11-10 09:02:23'),
(2, 'Soc Sci 111', 'Pag-unawa sa Sarili', 3, 'general_education', '1st Year', '1st Semester', 'active', '2025-11-06 15:37:00', '2025-11-10 09:04:10'),
(3, 'Lit 111', 'Philippine Literature', 3, 'general_education', '1st Year', '1st Semester', 'active', '2025-11-06 15:37:00', '2025-11-10 09:02:48'),
(4, 'Fil 111', 'Kontekstwalisadong Komunikasyon sa Filipino', 3, 'general_education', '1st Year', '1st Semester', 'active', '2025-11-06 15:37:00', '2025-11-10 09:02:32'),
(5, 'ITC 111', 'Intro to Computing', 3, 'major', '1st Year', '1st Semester', 'active', '2025-11-06 15:37:00', '2025-11-06 15:37:00'),
(6, 'ITC 112', 'Computer Programming 1', 3, 'major', '1st Year', '1st Semester', 'active', '2025-11-06 15:37:00', '2025-11-10 11:09:58'),
(7, 'Soc Sci 112', 'Gender and Society', 3, 'general_education', '1st Year', '2nd Semester', 'active', '2025-11-06 15:37:00', '2025-11-10 09:04:13'),
(8, 'Fil 112', 'Filipino sa Iba\'t Ibang Disiplina', 3, 'general_education', '1st Year', '2nd Semester', 'active', '2025-11-06 15:37:00', '2025-11-10 09:02:35'),
(9, 'Eng 111', 'Purposive Communication', 3, 'general_education', '1st Year', '2nd Semester', 'active', '2025-11-06 15:37:00', '2025-11-10 09:02:26'),
(10, 'ITC 121', 'Computer Programming 2', 3, 'major', '1st Year', '2nd Semester', 'active', '2025-11-06 15:37:00', '2025-11-06 15:37:00'),
(11, 'ITP 121', 'Discrete Mathematics', 3, 'major', '1st Year', '2nd Semester', 'active', '2025-11-06 15:37:00', '2025-11-06 15:37:00'),
(12, 'ITP 122', 'Introduction to Human Computer Interaction 1', 3, 'major', '1st Year', '2nd Semester', 'active', '2025-11-06 15:37:00', '2025-11-06 15:37:00'),
(13, 'ITE 121', 'Electronics with Technical Drawing', 3, 'major', '1st Year', '2nd Semester', 'active', '2025-11-06 15:37:00', '2025-11-06 15:37:00'),
(14, 'NSTP 2', 'National Service Training Program 2', 3, 'major', '1st Year', '2nd Semester', 'active', '2025-11-06 15:37:00', '2025-11-10 10:36:38'),
(15, 'Eng 002', 'Business Communication', 3, 'general_education', '1st Year', '1st Semester', 'active', '2025-11-06 15:37:54', '2025-11-13 21:29:01'),
(16, 'ITC 211', 'Data Structures with Algorithm', 3, 'major', '2nd Year', '1st Semester', 'active', '2025-11-06 15:37:54', '2025-11-06 15:37:54'),
(17, 'ITC 212', 'Information Management', 3, 'major', '2nd Year', '1st Semester', 'active', '2025-11-06 15:37:54', '2025-11-06 15:37:54'),
(18, 'ITE 211', 'Human Computer Interaction 2', 3, 'major', '2nd Year', '1st Semester', 'active', '2025-11-06 15:37:54', '2025-11-06 15:37:54'),
(19, 'ITE 212', 'Object Oriented Programming', 3, 'major', '2nd Year', '1st Semester', 'active', '2025-11-06 15:37:54', '2025-11-06 15:37:54'),
(20, 'ITE 213', 'Platform Technologies', 3, 'major', '2nd Year', '1st Semester', 'active', '2025-11-06 15:37:54', '2025-11-06 15:37:54'),
(21, 'PE 221', 'Individual/Dual Sports', 2, 'general_education', '1st Year', '1st Semester', 'active', '2025-11-06 15:37:54', '2025-11-10 09:03:15'),
(22, 'ITP 221', 'Advanced Database Systems', 3, 'major', '2nd Year', '2nd Semester', 'active', '2025-11-06 15:38:07', '2025-11-06 15:38:07'),
(23, 'ITP 222', 'Quantitative Methods', 3, 'major', '2nd Year', '2nd Semester', 'active', '2025-11-06 15:38:07', '2025-11-06 15:38:07'),
(24, 'ITP 223', 'Networking 1', 3, 'major', '2nd Year', '2nd Semester', 'active', '2025-11-06 15:38:07', '2025-11-06 15:38:07'),
(25, 'ITP 224', 'Integrative Programming and Technologies 1', 3, 'major', '2nd Year', '2nd Semester', 'active', '2025-11-06 15:38:07', '2025-11-06 15:38:07'),
(26, 'ITE 221', 'Web Systems and Technologies', 3, 'major', '2nd Year', '2nd Semester', 'active', '2025-11-06 15:38:07', '2025-11-06 15:38:07'),
(27, 'ITE 222', 'Embedded System', 3, 'major', '2nd Year', '2nd Semester', 'active', '2025-11-06 15:38:07', '2025-11-06 15:38:07'),
(28, 'PE 222', 'Team Games and Sports', 2, 'general_education', '1st Year', '2nd Semester', 'active', '2025-11-06 15:38:07', '2025-11-10 09:03:22');

-- --------------------------------------------------------

--
-- Table structure for table `teachers`
--

CREATE TABLE `teachers` (
  `id` int UNSIGNED NOT NULL,
  `user_id` int UNSIGNED NOT NULL,
  `employee_id` varchar(50) CHARACTER SET utf8mb4 COLLATE utf8mb4_unicode_ci NOT NULL,
  `status` enum('active','inactive') CHARACTER SET utf8mb4 COLLATE utf8mb4_unicode_ci NOT NULL DEFAULT 'active',
  `status_updated_at` timestamp NULL DEFAULT NULL COMMENT 'When status last changed',
  `created_at` timestamp NULL DEFAULT CURRENT_TIMESTAMP,
  `updated_at` timestamp NULL DEFAULT CURRENT_TIMESTAMP ON UPDATE CURRENT_TIMESTAMP
) ENGINE=InnoDB DEFAULT CHARSET=utf8mb4 COLLATE=utf8mb4_unicode_ci;

--
-- Dumping data for table `teachers`
--

INSERT INTO `teachers` (`id`, `user_id`, `employee_id`, `status`, `status_updated_at`, `created_at`, `updated_at`) VALUES
(1, 16, 'EMP2025-001', 'active', NULL, '2025-11-06 14:06:02', '2025-11-06 14:06:02'),
(3, 21, 'EMP2025-002', 'active', NULL, '2025-11-08 09:18:02', '2025-11-08 16:18:02'),
(4, 52, 'EMP2025-003', 'active', NULL, '2025-11-10 02:38:20', '2025-11-10 09:38:20'),
(5, 382, 'EMP2025-004', 'active', NULL, '2025-11-10 22:42:14', '2025-11-11 05:42:14');

-- --------------------------------------------------------

--
-- Table structure for table `teacher_subjects`
--

CREATE TABLE `teacher_subjects` (
  `id` int UNSIGNED NOT NULL,
  `teacher_id` int UNSIGNED NOT NULL COMMENT 'references teachers.id',
  `subject_id` int UNSIGNED NOT NULL COMMENT 'references subjects.id',
  `created_at` timestamp NULL DEFAULT CURRENT_TIMESTAMP,
  `updated_at` timestamp NULL DEFAULT CURRENT_TIMESTAMP ON UPDATE CURRENT_TIMESTAMP
) ENGINE=InnoDB DEFAULT CHARSET=utf8mb4 COLLATE=utf8mb4_unicode_ci;

--
-- Dumping data for table `teacher_subjects`
--

INSERT INTO `teacher_subjects` (`id`, `teacher_id`, `subject_id`, `created_at`, `updated_at`) VALUES
(1, 3, 25, '2025-11-08 09:31:16', '2025-11-08 09:31:16'),
(2, 3, 5, '2025-11-08 09:31:16', '2025-11-08 09:31:16'),
(4, 1, 5, '2025-11-09 23:54:30', '2025-11-09 23:54:30'),
(5, 1, 12, '2025-11-10 13:20:59', '2025-11-10 13:20:59'),
(6, 4, 6, '2025-11-10 13:21:27', '2025-11-10 13:21:27'),
(7, 4, 25, '2025-11-10 13:26:32', '2025-11-10 13:26:32'),
(8, 4, 10, '2025-11-10 14:45:30', '2025-11-10 14:45:30'),
(9, 4, 11, '2025-11-10 14:45:30', '2025-11-10 14:45:30'),
(10, 5, 16, '2025-11-10 22:42:38', '2025-11-10 22:42:38'),
(11, 5, 23, '2025-11-10 22:42:38', '2025-11-10 22:42:38'),
(12, 5, 6, '2025-11-13 21:28:39', '2025-11-13 21:28:39');

-- --------------------------------------------------------

--
-- Table structure for table `teacher_subject_sections`
--

CREATE TABLE `teacher_subject_sections` (
  `id` int UNSIGNED NOT NULL,
  `teacher_subject_id` int UNSIGNED NOT NULL COMMENT 'references teacher_subjects.id',
  `section_id` int UNSIGNED NOT NULL COMMENT 'references sections.id (e.g., F1..F6)',
  `created_at` timestamp NULL DEFAULT CURRENT_TIMESTAMP,
  `updated_at` timestamp NULL DEFAULT CURRENT_TIMESTAMP ON UPDATE CURRENT_TIMESTAMP
) ENGINE=InnoDB DEFAULT CHARSET=utf8mb4 COLLATE=utf8mb4_unicode_ci;

--
-- Dumping data for table `teacher_subject_sections`
--

INSERT INTO `teacher_subject_sections` (`id`, `teacher_subject_id`, `section_id`, `created_at`, `updated_at`) VALUES
(17, 2, 1, '2025-11-10 13:09:17', '2025-11-10 13:09:17'),
(18, 2, 2, '2025-11-10 13:09:17', '2025-11-10 13:09:17'),
(19, 2, 3, '2025-11-10 13:09:17', '2025-11-10 13:09:17'),
(20, 4, 4, '2025-11-10 13:09:24', '2025-11-10 13:09:24'),
(21, 4, 5, '2025-11-10 13:09:24', '2025-11-10 13:09:24'),
(22, 4, 6, '2025-11-10 13:09:24', '2025-11-10 13:09:24'),
(23, 1, 1, '2025-11-10 13:20:38', '2025-11-10 13:20:38'),
(24, 1, 2, '2025-11-10 13:20:38', '2025-11-10 13:20:38'),
(25, 1, 3, '2025-11-10 13:20:38', '2025-11-10 13:20:38'),
(26, 5, 1, '2025-11-10 13:20:59', '2025-11-10 13:20:59'),
(27, 5, 2, '2025-11-10 13:20:59', '2025-11-10 13:20:59'),
(28, 5, 3, '2025-11-10 13:20:59', '2025-11-10 13:20:59'),
(29, 6, 1, '2025-11-10 13:21:27', '2025-11-10 13:21:27'),
(30, 6, 2, '2025-11-10 13:21:27', '2025-11-10 13:21:27'),
(31, 6, 3, '2025-11-10 13:21:27', '2025-11-10 13:21:27'),
(32, 7, 4, '2025-11-10 13:26:32', '2025-11-10 13:26:32'),
(33, 7, 5, '2025-11-10 13:26:32', '2025-11-10 13:26:32'),
(34, 8, 1, '2025-11-10 14:45:30', '2025-11-10 14:45:30'),
(35, 8, 2, '2025-11-10 14:45:30', '2025-11-10 14:45:30'),
(36, 8, 3, '2025-11-10 14:45:30', '2025-11-10 14:45:30'),
(37, 9, 1, '2025-11-10 14:45:30', '2025-11-10 14:45:30'),
(38, 9, 2, '2025-11-10 14:45:30', '2025-11-10 14:45:30'),
(39, 9, 3, '2025-11-10 14:45:30', '2025-11-10 14:45:30'),
(40, 10, 1, '2025-11-10 22:42:38', '2025-11-10 22:42:38'),
(41, 10, 2, '2025-11-10 22:42:38', '2025-11-10 22:42:38'),
(42, 11, 3, '2025-11-10 22:42:38', '2025-11-10 22:42:38'),
(43, 11, 4, '2025-11-10 22:42:38', '2025-11-10 22:42:38'),
(44, 11, 5, '2025-11-10 22:42:38', '2025-11-10 22:42:38'),
(45, 12, 4, '2025-11-13 21:28:39', '2025-11-13 21:28:39'),
(46, 12, 5, '2025-11-13 21:28:39', '2025-11-13 21:28:39'),
(47, 12, 6, '2025-11-13 21:28:39', '2025-11-13 21:28:39');

-- --------------------------------------------------------

--
-- Table structure for table `users`
--

CREATE TABLE `users` (
  `id` int UNSIGNED NOT NULL,
  `email` varchar(255) CHARACTER SET utf8mb4 COLLATE utf8mb4_unicode_ci NOT NULL,
  `password` varchar(255) CHARACTER SET utf8mb4 COLLATE utf8mb4_unicode_ci NOT NULL,
  `role` enum('admin','teacher','student') CHARACTER SET utf8mb4 COLLATE utf8mb4_unicode_ci NOT NULL DEFAULT 'student',
  `first_name` varchar(100) CHARACTER SET utf8mb4 COLLATE utf8mb4_unicode_ci NOT NULL,
  `last_name` varchar(100) CHARACTER SET utf8mb4 COLLATE utf8mb4_unicode_ci NOT NULL,
  `phone` varchar(20) CHARACTER SET utf8mb4 COLLATE utf8mb4_unicode_ci DEFAULT NULL,
  `status` enum('active','inactive') CHARACTER SET utf8mb4 COLLATE utf8mb4_unicode_ci NOT NULL DEFAULT 'active',
  `created_at` timestamp NULL DEFAULT CURRENT_TIMESTAMP,
  `updated_at` timestamp NULL DEFAULT CURRENT_TIMESTAMP ON UPDATE CURRENT_TIMESTAMP
) ENGINE=InnoDB DEFAULT CHARSET=utf8mb4 COLLATE=utf8mb4_unicode_ci;

--
-- Dumping data for table `users`
--

INSERT INTO `users` (`id`, `email`, `password`, `role`, `first_name`, `last_name`, `phone`, `status`, `created_at`, `updated_at`) VALUES
(1, 'student@demo.com', '$2y$10$Ll4dzxFoqlaGCC1aL702BOdZ3xtLLijHcLKzW4SF1HPrlEgP9Frz6', 'student', 'Demo', 'Student', '', 'active', '2025-11-06 11:13:56', '2025-11-10 01:05:04'),
(2, 'teacher@demo.com', '$2y$10$/zuE1Q4AmA1J6MXuovoRoenUL5PoblPSzSxXA3ubUw47wpiTNfoVS', 'teacher', 'Demo', 'Teacher', '', 'active', '2025-11-06 11:14:42', '2025-11-13 21:40:41'),
(3, 'admin@demo.com', '$2y$10$zhZ636k.0buTfPYR..Q2eODPgdmjEcKklTOWC1HTR64BH13j0iNeS', 'admin', 'Demo', 'Admin', '', 'active', '2025-11-06 11:15:04', '2025-11-14 08:53:35'),
(16, 'john.doe@example.com', '$2y$10$I19hzyUWwzkG9HMk8wEutekUr7tC9GmtiRFvW4lqePlq4eKBKXQtS', 'teacher', 'John', 'Doe', '', 'active', '2025-11-06 14:05:34', '2025-11-06 18:29:13'),
(18, 'juan.delacruz@mcc.edu.ph', '$2y$10$762nxMWoGHGu7kRyvzc8K.FGrrYGGJpRdMbm5jentTkF4mfui3iBK', 'student', 'Juan', 'Dela Cruz', '', 'active', '2025-11-06 18:30:24', '2025-11-06 18:30:24'),
(19, 'maria.santos@mcc.edu.ph', '$2y$10$KGlfA0PiOWB4HR0pds9.1epVHMzpgv3hsk.qLKXZCSh9mgaD20FCW', 'student', 'Maria', 'Santos', '', 'active', '2025-11-06 18:30:45', '2025-11-06 11:48:51'),
(21, 'jose.reyes@mcc.edu.ph', '$2y$10$a6oQ6s6.ZLrnMN2ShismvunFw6HSUJb/lrIcxQfhLfHp2HWc2W7xK', 'teacher', 'Jose', 'Reyes', '', 'active', '2025-11-08 16:18:01', '2025-11-08 16:18:01'),
(23, 'ana.bautista@mcc.edu.ph', '$2y$10$Jj6j4oDteBovsiSxQ5M2juwj3pExJM5R80gRSCnWB40b8csyWQhHW', 'student', 'Ana Marie', 'Bautista', '', 'active', '2025-11-10 08:39:01', '2025-11-10 08:39:01'),
(24, 'carlos.mendoza@mcc.edu.ph', '$2y$10$XjdtGF0u5jkv3wbYlJm4D.Np7Cv9hDp7Of/zlEv7Bt5D2GHtWugQe', 'student', 'Carlos', 'Mendoza', '', 'active', '2025-11-10 08:39:16', '2025-11-10 08:39:16'),
(25, 'luisa.fernandez@mcc.edu.ph', '$2y$10$Md1tZhHnZfFfpgo90cwXj.qCrDmEZWcBp.8389tzsbGESBvKxiIlO', 'student', 'Luisa', 'Fernandez', '', 'active', '2025-11-10 08:39:29', '2025-11-10 08:39:29'),
(26, 'michael.tan@mcc.edu.ph', '$2y$10$PGFuueRiY5pqZ6QPBOWX.urcBujwzBH/0d9PnuitX9pQQhA0.FK0O', 'student', 'Michael', 'Tan', '', 'active', '2025-11-10 08:39:43', '2025-11-10 08:39:43'),
(27, 'jasmine.lim@mcc.edu.ph', '$2y$10$btaZvRIyT0kmUkODKStX7.OyTMTUefBFw.Uz7wiab4ow/p8FoUbsO', 'student', 'Jasmine', 'Lim', '', 'active', '2025-11-10 08:39:58', '2025-11-10 08:39:58'),
(28, 'catherine.aquino@mcc.edu.ph', '$2y$10$awoQxoT6ormmhF6JRA1OPucz8FWLN7NcUJN8SAR4DHqZN3yNEfbbi', 'student', 'Catherine', 'Aquino', '', 'active', '2025-11-10 08:40:16', '2025-11-10 08:40:16'),
(29, 'ricardo.gomez@mcc.edu.ph', '$2y$10$myDlCmDtauZwb2yGZLJVLuBQnu455aDE3SkY/KEeNYvhjOI9v6/QS', 'student', 'Ricardo', 'Gomez', '', 'active', '2025-11-10 08:40:28', '2025-11-10 08:40:28'),
(30, 'angelica.perez@mcc.edu.ph', '$2y$10$8C8gZCGXWNgFk1pqgsX0.Oeee8xazbRRiTclXJiSl2sbQYKa62L.m', 'student', 'Angelica', 'Perez', '', 'active', '2025-11-10 08:40:42', '2025-11-10 08:40:42'),
(31, 'christian.delossantos@mcc.edu.ph', '$2y$10$/2PhuFDJAAb0RjTTwcd/auIaYSAXyIkx5LDm4H729vfGtbsHORNvu', 'student', 'Christian', 'Delos Santos', '', 'active', '2025-11-10 08:40:56', '2025-11-10 08:40:56'),
(32, 'kristine.apolonio@mcc.edu.ph', '$2y$10$LJdoxOyj5sDC0cAiQucWR.g8ckA.CcQQEAqJgRU3pYAJNZIvAoz4m', 'student', 'Kristine Joy', 'Apolonio', '', 'active', '2025-11-10 08:41:11', '2025-11-10 08:41:11'),
(33, 'emmanuel.rivera@mcc.edu.ph', '$2y$10$EkBQqe.Zau2J1BSqBQSZQu1iVJU8JUFgTmrmwkA/ooKqzSZJFsIGK', 'student', 'Emmanuel', 'Rivera', '', 'active', '2025-11-10 08:41:28', '2025-11-10 08:41:28'),
(34, 'samantha.lopez@mcc.edu.ph', '$2y$10$shoW7DnaD2eOcoSkosYGH.xkPvqIoCuRqwtCm7NjU9s/iaeR/I5Ge', 'student', 'Samantha', 'Lopez', '', 'active', '2025-11-10 08:41:39', '2025-11-10 08:41:39'),
(35, 'rafael.valdez@mcc.edu.ph', '$2y$10$sbcy6wENv1x.LIJTV85iNOFIG7LvUTB63hL9Xb8BvmZ0ojEB22XgC', 'student', 'Rafael Paolo', 'Valdez', '', 'active', '2025-11-10 08:42:03', '2025-11-10 08:42:03'),
(36, 'nicole.villanueva@mcc.edu.ph', '$2y$10$KNVaAGgtjnMrdPX92/Uv7.p7GEalZLUmfhu7ws1jc6At7/RXX6N6S', 'student', 'Nicole Ann', 'Villanueva', '', 'active', '2025-11-10 08:42:15', '2025-11-10 08:42:15'),
(37, 'adrian.co@mcc.edu.ph', '$2y$10$4s0/H8yNcei4d6sX5S8Jb.ZoESlPMGGlDRDMCfMSeVUen1j7BqxCG', 'student', 'Adrian James', 'Co', '', 'active', '2025-11-10 08:42:29', '2025-11-10 08:42:29'),
(38, 'tricia.balingit@mcc.edu.ph', '$2y$10$cac/8cufGbKTeVh45ItQiuhIefWl3POl0evpDR1V/1p7f8bCXRYu6', 'student', 'Tricia Mae', 'Balingit', '', 'active', '2025-11-10 08:42:43', '2025-11-10 08:42:43'),
(39, 'johnlloyd.cruz@mcc.edu.ph', '$2y$10$FdX0lIglHbOsVzWVdcLn7u6wJccWMJq8eG.nHqAXnnId8Ed63ox/O', 'student', 'John Lloyd', 'Cruz', '', 'active', '2025-11-10 08:42:56', '2025-11-10 08:42:56'),
(40, 'andrea.reyes@mcc.edu.ph', '$2y$10$go/31KlI0JlS.l2Y32vvreimnJ7pdTwVx9svuuoGpjtyKg038IG92', 'student', 'Andrea', 'Reyes', '', 'active', '2025-11-10 08:46:11', '2025-11-10 08:46:11'),
(41, 'bernard.tan@mcc.edu.ph', '$2y$10$FISx9fakhxSvkwOqRq.rNezpjt2QQ7vOKEa8k20/9v7ZiIR/uDldK', 'student', 'Bernard', 'Tan', '', 'active', '2025-11-10 08:46:20', '2025-11-10 08:46:20'),
(42, 'carmela.rivera@mcc.edu.ph', '$2y$10$4Lt.CkETBeUFKczXr2mxK.pc.UxpMVqFUK4/ykEpLiOXMsnUs5luO', 'student', 'Carmela', 'Rivera', '', 'active', '2025-11-10 08:46:29', '2025-11-10 08:46:29'),
(43, 'derek.lim@mcc.edu.ph', '$2y$10$08TnQwMMr4V55GaYAAy.4eAoX8HWBN5COF1IYy0trneS4to8EQxlK', 'student', 'Derek', 'Lim', '', 'active', '2025-11-10 08:46:37', '2025-11-10 08:46:37'),
(44, 'ella.fernandez@mcc.edu.ph', '$2y$10$2N/HRZvYJuz5ZP75iIJ.kOubTmfOOVi7pv8QvwMyh/V/umwRhs1Dm', 'student', 'Ella Marie', 'Fernandez', '', 'active', '2025-11-10 08:46:49', '2025-11-10 08:46:49'),
(45, 'francis.go@mcc.edu.ph', '$2y$10$nCBsX87fHih6uk.hJ2oVo.FfLl9sL35lmkxaUya44ekFRwMeUTscq', 'student', 'Francis', 'Go', '', 'active', '2025-11-10 08:46:57', '2025-11-10 08:46:57'),
(46, 'gia.pascual@mcc.edu.ph', '$2y$10$O0/7Yxhk0cHNOm4ZKXU0x.xOlBQbBhqV8Y8O3fcr66NOOy1zPu.JS', 'student', 'Gia', 'Pascual', '', 'active', '2025-11-10 08:47:05', '2025-11-10 08:47:05'),
(47, 'harold.javier@mcc.edu.ph', '$2y$10$UNkC/6TddFTEsbHW1EtY7OFyJLJ6EpEumY/dJ0RCVrypFV9dvCbF.', 'student', 'Harold', 'Javier', '', 'active', '2025-11-10 08:47:14', '2025-11-10 08:47:14'),
(48, 'ingrid.navarro@mcc.edu.ph', '$2y$10$a2I3Bmcm2tU8eArKhusxo.629tX6hypN8DA9EYfp6tkYL/SvvxDvi', 'student', 'Ingrid', 'Navarro', '', 'active', '2025-11-10 08:47:22', '2025-11-10 08:47:22'),
(49, 'jake.silva@mcc.edu.ph', '$2y$10$KkoQ0Kd5xJgW5f653dpUiOcCyZbZYuZwMRKxzW9Mhq05np6P25mvu', 'student', 'Jake Anthony', 'Silva', '', 'active', '2025-11-10 08:47:32', '2025-11-10 08:47:32'),
(50, 'kaye.castro@mcc.edu.ph', '$2y$10$E5sxDNYuS7PQPqFEdcdqcupccfatEk39MJsK7LNx0ujWmpNwocPWy', 'student', 'Kaye', 'Castro', '', 'active', '2025-11-10 08:47:40', '2025-11-10 08:47:40'),
(51, 'leandro.morales@mcc.edu.ph', '$2y$10$icTlD1gFj.SReFcPhM./bec13jp9ru0KFZlfEChhE4zpue7Mzz4CW', 'student', 'Leandro', 'Morales', '', 'active', '2025-11-10 09:21:56', '2025-11-10 09:21:56'),
(52, 'mia.dizon@mcc.edu.ph', '$2y$10$EtWI1tGPBY9GmYYBuVs1lOSVTSe7XTi4fli2mEDeXH4xrTTo8lQ/e', 'teacher', 'Mia Rose', 'Dizon', '', 'active', '2025-11-10 09:38:20', '2025-11-14 12:52:00'),
(53, 'nico.perez@mcc.edu.ph', '$2y$10$m.hi3cAvdrAUzCF7TMoaseMCqY.oGHNorWf7U4e1.IXkR7ANud61S', 'student', 'Nico Allan', 'Perez', '', 'active', '2025-11-10 09:46:50', '2025-11-10 09:46:50'),
(54, 'olivia.delgado@mcc.edu.ph', '$2y$10$0h4mahiMCDm96OWctcRdXeujn7Yr/PRJvgyO7KQtO954d7V39.26m', 'student', 'Olivia Anne', 'Delgado', NULL, 'active', '2025-11-10 12:04:08', '2025-11-10 19:04:08'),
(55, 'paul.uy@mcc.edu.ph', '$2y$10$8IsNfV4is0Sgs0N6e70Zk.PP.DcSJswNe.GBdLa3aLZhDxvJ.KiZG', 'student', 'Paul Vincent', 'Uy', NULL, 'active', '2025-11-10 12:04:08', '2025-11-10 19:04:08'),
(56, 'queenie.lopez@mcc.edu.ph', '$2y$10$e4xcXVIj5hELgNvr0JSjMeNWmz3GxGWSSqd0QPAvuKj.AXYyClTOC', 'student', 'Queenie', 'Lopez', NULL, 'active', '2025-11-10 12:04:08', '2025-11-10 19:04:08'),
(57, 'ronald.bautista@mcc.edu.ph', '$2y$10$5iq5Sg5fW/Jj07.ycapvzuZ8gUt7J7fqwHRbX4IbS6zCpD8y/0cqa', 'student', 'Ronald', 'Bautista', NULL, 'active', '2025-11-10 12:04:08', '2025-11-10 19:04:08'),
(58, 'shiela.gomez@mcc.edu.ph', '$2y$10$LC2kMt3TVD6aqjNVpXd4NuM2wnx4orznYG0kYyBP..V1aXokO3Wuu', 'student', 'Shiela Mae', 'Gomez', NULL, 'active', '2025-11-10 12:04:08', '2025-11-10 19:04:08'),
(59, 'troy.medina@mcc.edu.ph', '$2y$10$J.YdQQGoR434pyKxeo/0VO9f0lvImfo96CE59z0wO0vmjED0g6ecq', 'student', 'Troy James', 'Medina', NULL, 'active', '2025-11-10 12:04:08', '2025-11-10 19:04:08'),
(60, 'aaliyah.bernardo@mcc.edu.ph', '$2y$10$uXV2HkyxgNzjiwawUN28gOdd.sWz3d70N8ITep2YFnL5j0vz4OX8e', 'student', 'Aaliyah Grace', 'Bernardo', NULL, 'active', '2025-11-10 12:15:39', '2025-11-10 19:15:39'),
(61, 'aaron.cabrera@mcc.edu.ph', '$2y$10$KdB0VAtZtivUzWn.Ag.sruoSaFFQ181.Gi5JbsXBsgfY/9vFJZ2z2', 'student', 'Aaron James', 'Cabrera', NULL, 'active', '2025-11-10 12:15:39', '2025-11-10 19:15:39'),
(62, 'bianca.dizon@mcc.edu.ph', '$2y$10$IZOT1.ui78sarUox3cIRM.f0cp2NwhBDs2TScFVFJ1QbH6as9Ffye', 'student', 'Bianca Marie', 'Dizon', NULL, 'active', '2025-11-10 12:15:39', '2025-11-10 19:15:39'),
(63, 'carl.escobar@mcc.edu.ph', '$2y$10$i3pR0rXeg85zZlRqR1bULuDWJh/QUnp76ZuQ.NCqaiDtX5WQOwb0i', 'student', 'Carl John', 'Escobar', NULL, 'active', '2025-11-10 12:15:39', '2025-11-10 19:15:39'),
(64, 'diana.flores@mcc.edu.ph', '$2y$10$viJpN1ONZW8VODk7ME01yOwMy1SJqkXjcAVezILdE3DHVQYkpgbFa', 'student', 'Diana Rose', 'Flores', NULL, 'active', '2025-11-10 12:15:39', '2025-11-10 19:15:39'),
(65, 'ethan.gutierrez@mcc.edu.ph', '$2y$10$8SpTP21UQefARRxLUDP1PebAgqNmjZOZ2XKUJg3ORX6/Kdgjaqnei', 'student', 'Ethan Blake', 'Gutierrez', NULL, 'active', '2025-11-10 12:15:39', '2025-11-10 19:15:39'),
(66, 'faye.hernandez@mcc.edu.ph', '$2y$10$DzJnEKL8OYo1p8mobOoSd.Ptd4mVCjUpO/87KssXd6btzYkKnDoaK', 'student', 'Faye Louise', 'Hernandez', NULL, 'active', '2025-11-10 12:15:39', '2025-11-10 19:15:39'),
(67, 'gabriel.ignacio@mcc.edu.ph', '$2y$10$iN6fvdGyY/WOG4rGLrUuyeXQf.pyTiVrwYwjSOyHm20fdK8tdevMC', 'student', 'Gabriel Jude', 'Ignacio', NULL, 'active', '2025-11-10 12:15:39', '2025-11-10 19:15:39'),
(68, 'hannah.jacinto@mcc.edu.ph', '$2y$10$cLWd8bspuRNBX6tZ2MlUxuollV85PA9ggVHzOje8.IkMQ1eMbadk.', 'student', 'Hannah Joy', 'Jacinto', NULL, 'active', '2025-11-10 12:15:39', '2025-11-10 19:15:39'),
(69, 'ian.katindig@mcc.edu.ph', '$2y$10$q7.N2ibOC.k3XWk2nu8A.udJdEtrwHxH/tmX0zzzbN7OT9CQSmvDC', 'student', 'Ian Miguel', 'Katindig', NULL, 'active', '2025-11-10 12:15:39', '2025-11-10 19:15:39'),
(70, 'julia.lansang@mcc.edu.ph', '$2y$10$1HjeQJ9mliW96XQh2qzCW.nxShA/pp8z1gYbiGNlqGcl3SmQaCVdm', 'student', 'Julia Anne', 'Lansang', NULL, 'active', '2025-11-10 12:15:39', '2025-11-10 19:15:39'),
(71, 'karl.manzano@mcc.edu.ph', '$2y$10$gsHxS215nra7FF.x52aneucouOSMEf4lL8nNUW8G/pj/vDmKKE4Ga', 'student', 'Karl Matthew', 'Manzano', NULL, 'active', '2025-11-10 12:15:40', '2025-11-10 19:15:40'),
(72, 'lia.navarro@mcc.edu.ph', '$2y$10$e3XWFVuY0aOtQL8Q3C310.9oHnms82K3vUEH7dU8qep3xr8.gL5IW', 'student', 'Lia Victoria', 'Navarro', NULL, 'active', '2025-11-10 12:15:40', '2025-11-10 19:15:40'),
(73, 'martin.ocampo@mcc.edu.ph', '$2y$10$vysmQG.YFuihnflHAQBH6eS4yHwGceVqhMw0bBx2CmLcUIKSeSlhW', 'student', 'Martin Jay', 'Ocampo', NULL, 'active', '2025-11-10 12:15:40', '2025-11-10 19:15:40'),
(74, 'nina.paredes@mcc.edu.ph', '$2y$10$0cEhSKtXyxihWuTWG.vJduFFxh9JcdBRL62jEOecnz.ovMpvFxTVK', 'student', 'Nina Sofia', 'Paredes', NULL, 'active', '2025-11-10 12:15:40', '2025-11-10 19:15:40'),
(75, 'orlando.quintos@mcc.edu.ph', '$2y$10$nPO08Utsn7QnMPMtixy3q.HR7kV3D5FhT7eoKfKwDNXEcvv3xM/H2', 'student', 'Orlando Jr.', 'Quintos', NULL, 'active', '2025-11-10 12:15:40', '2025-11-10 19:15:40'),
(76, 'princess.ramos@mcc.edu.ph', '$2y$10$BztYNu9Y5emb.Xu5foTtyeceHpd4RYFwviwBEEFY7WVepPUSztBke', 'student', 'Princess Leigh', 'Ramos', NULL, 'active', '2025-11-10 12:15:40', '2025-11-10 19:15:40'),
(77, 'raymond.santiago@mcc.edu.ph', '$2y$10$UZS4AUqIRHgZrQGk6KzzlO38ISaMx703Bo/T2CTYWqBCN3Y41kphi', 'student', 'Raymond Paul', 'Santiago', NULL, 'active', '2025-11-10 12:15:40', '2025-11-10 19:15:40'),
(78, 'shane.torres@mcc.edu.ph', '$2y$10$Bcv4jsGB8rNQdqfIndpz0eIjaLahU/BjnHX7PEBKbIW0BVyV9QD5y', 'student', 'Shane Elizabeth', 'Torres', NULL, 'active', '2025-11-10 12:15:40', '2025-11-10 19:15:40'),
(79, 'tristan.urbano@mcc.edu.ph', '$2y$10$C.J0v5Z4qKZimrgt.VW1ZebJaBowpHF24pQGtDhCW7YmTBf.5Caay', 'student', 'Tristan Kyle', 'Urbano', NULL, 'active', '2025-11-10 12:15:40', '2025-11-10 19:15:40'),
(80, 'vanessa.velasquez@mcc.edu.ph', '$2y$10$5GCO3K/a/p3a44lRvR2fjOCZ0i2fzMGTTyg1MzLfLyQ3Wy.Q8GKF6', 'student', 'Vanessa Mae', 'Velasquez', NULL, 'active', '2025-11-10 12:15:40', '2025-11-10 19:15:40'),
(81, 'wilbert.yap@mcc.edu.ph', '$2y$10$se4XUrT2oq6C9uA/jxzWGuY2nmLcL6pmgQIVDthmplhoi2WpeFKAy', 'student', 'Wilbert John', 'Yap', NULL, 'active', '2025-11-10 12:15:40', '2025-11-10 19:15:40'),
(82, 'xandra.alvarez@mcc.edu.ph', '$2y$10$wxZZLnF3oNjCSdJ4ssv3nOY4V9qrkPOByR8R7Q/OxTW0Ufg8dZW8O', 'student', 'Xandra Kaye', 'Alvarez', NULL, 'active', '2025-11-10 12:15:40', '2025-11-10 19:15:40'),
(83, 'yohan.bautista@mcc.edu.ph', '$2y$10$SuYOTDMS2IJ10v1tI7V0.OLLl5D0tx6vd04iijPGj61vNnHUS1Aji', 'student', 'Yohan Andrei', 'Bautista', NULL, 'active', '2025-11-10 12:15:40', '2025-11-10 19:15:40'),
(84, 'zarah.castillo@mcc.edu.ph', '$2y$10$NL1466inaS1UvKLsoMEkNeeO6YF/u5gAx2TyqREkIfEc6hKwA22Ty', 'student', 'Zarah Jane', 'Castillo', NULL, 'active', '2025-11-10 12:15:40', '2025-11-10 19:15:40'),
(85, 'beatrice.estrella@mcc.edu.ph', '$2y$10$WaC84AZ912YwqD8U6Z8go.pk89eFZcHHPmt1VaBcmnJsJXt4RbDfi', 'student', 'Beatrice Ann', 'Estrella', NULL, 'active', '2025-11-10 12:15:40', '2025-11-10 19:15:40'),
(86, 'cedric.galvez@mcc.edu.ph', '$2y$10$mwd7YiN9swM0bdsDKTcKJu2ubgLKYeoXQnsAagBtzuBIq6ebXY0Ne', 'student', 'Cedric James', 'Galvez', NULL, 'active', '2025-11-10 12:15:41', '2025-11-10 19:15:41'),
(87, 'donna.herrera@mcc.edu.ph', '$2y$10$qoZ57HUP.8xu6x/ZkuMxJe6x0vQ8pz06F6cLbYU7GypbblNbGaSQO', 'student', 'Donna Rose', 'Herrera', NULL, 'active', '2025-11-10 12:15:41', '2025-11-10 19:15:41'),
(88, 'emilio.ibarra@mcc.edu.ph', '$2y$10$RFbZjsOEKFKjJ0Ux5l6Tm.uRXQOtdH7rT5FF4Om6dgaqoeLXcYzR.', 'student', 'Emilio Jose', 'Ibarra', NULL, 'active', '2025-11-10 12:15:41', '2025-11-10 19:15:41'),
(89, 'francesca.jalandoni@mcc.edu.ph', '$2y$10$DQdW5zBUHMiQhzDrJIwA0u0Qgr49r7QZZEo9zOb9MMWzIufpdKIWe', 'student', 'Francesca Marie', 'Jalandoni', NULL, 'active', '2025-11-10 12:15:41', '2025-11-10 19:15:41'),
(90, 'gregory.legaspi@mcc.edu.ph', '$2y$10$JJ/H/SeAHQunhoQSOLz4/OtPDXx9IqArQmW8skBRLFdYZ/Nrh7TYK', 'student', 'Gregory Sean', 'Legaspi', NULL, 'active', '2025-11-10 12:15:41', '2025-11-10 19:15:41'),
(91, 'imani.molina@mcc.edu.ph', '$2y$10$roDUsY4wBvtKn50JYy/8leIgNOQI7vYXHT5n8qXKlq1aViQtP0dfy', 'student', 'Imani Grace', 'Molina', NULL, 'active', '2025-11-10 12:15:41', '2025-11-10 19:15:41'),
(92, 'julius.natividad@mcc.edu.ph', '$2y$10$S9GEmh75BVxNsEw2MkHxyOIYYnicxuGjTwghqGxJMHkm/HGAW/Xne', 'student', 'Julius Caesar', 'Natividad', NULL, 'active', '2025-11-10 12:15:41', '2025-11-10 19:15:41'),
(93, 'kaitlyn.padilla@mcc.edu.ph', '$2y$10$RruDygNDucZfqYvZfCsmMOlqHWuWA5hCAYcntJiVcTUepuojDOW6K', 'student', 'Kaitlyn Joy', 'Padilla', NULL, 'active', '2025-11-10 12:15:41', '2025-11-10 19:15:41'),
(94, 'leonardo.salazar@mcc.edu.ph', '$2y$10$qOWWHlu43FeSfkF8ldOGd./Nk5hjrKIxuGz0mA0jyym0ATlJ2FBC6', 'student', 'Leonardo David', 'Salazar', NULL, 'active', '2025-11-10 12:15:41', '2025-11-10 19:15:41'),
(95, 'mikaela.tolentino@mcc.edu.ph', '$2y$10$SMg7vvi9e4LAzWI/qMwlNuW2fLkM703UNxHvpr1BSWWWdkOxczty6', 'student', 'Mikaela Rose', 'Tolentino', NULL, 'active', '2025-11-10 12:15:41', '2025-11-10 19:15:41'),
(96, 'nathaniel.valencia@mcc.edu.ph', '$2y$10$XatFD2uxwosY846UpZJo9uMJsDRGnQjn3DpWwk9MXW8IzLEq7Mw.u', 'student', 'Nathaniel Jude', 'Valencia', NULL, 'active', '2025-11-10 12:15:41', '2025-11-10 19:15:41'),
(97, 'oliver.zamora@mcc.edu.ph', '$2y$10$0L1OolhGjvywA6x1PRTvV.VgqmNy.ZCRbew5dz2../JuVtxutw2Vi', 'student', 'Oliver Martin', 'Zamora', NULL, 'active', '2025-11-10 12:15:41', '2025-11-10 19:15:41'),
(98, 'pauleen.aquino@mcc.edu.ph', '$2y$10$uDMkNg1eNPvdq/gPusU0EOnyIRhTQRwIVP78t1M8Ps0JvIo5uZxh2', 'student', 'Pauleen Joy', 'Aquino', NULL, 'active', '2025-11-10 12:15:41', '2025-11-10 19:15:41'),
(99, 'quincy.brillantes@mcc.edu.ph', '$2y$10$o2CPCMpiPz7kqFizGjpOXOyUMTV4TwF0JQ8.OZLiENDkzfruHjomq', 'student', 'Quincy Rae', 'Brillantes', NULL, 'active', '2025-11-10 12:15:41', '2025-11-10 19:15:41'),
(100, 'regina.concepcion@mcc.edu.ph', '$2y$10$b4DY7b6i6wrlmn6vvRuDluIT3l3sj07tHALks9MMgnFKeFzEyiV5y', 'student', 'Regina Faith', 'Concepcion', NULL, 'active', '2025-11-10 12:15:42', '2025-11-10 19:15:42'),
(101, 'samuel.domingo@mcc.edu.ph', '$2y$10$lo/1HMyWsbaeSxorvPeyCOwSA271SufrhFR89fGEa6Spk60TNAata', 'student', 'Samuel Ray', 'Domingo', NULL, 'active', '2025-11-10 12:15:42', '2025-11-10 19:15:42'),
(102, 'therese.estrada@mcc.edu.ph', '$2y$10$f9d7DqMNBgZEkcCW0Z.V7eLL3BVRMjSHT8k2fWB/T2hRnR/F9nQai', 'student', 'Therese Marie', 'Estrada', NULL, 'active', '2025-11-10 12:15:42', '2025-11-10 19:15:42'),
(103, 'uriel.ferrer@mcc.edu.ph', '$2y$10$CAXd1aZr4Cx0hisETzV9wuskxcxSUYSasubZkaBvpJ4zF360dYBRu', 'student', 'Uriel James', 'Ferrer', NULL, 'active', '2025-11-10 12:15:42', '2025-11-10 19:15:42'),
(104, 'violet.gallardo@mcc.edu.ph', '$2y$10$Y3Gj25t7aTq9wSNKJr0P.e9abi94XsKV0eCFKy/5O2sKvlSgR0BWO', 'student', 'Violet Grace', 'Gallardo', NULL, 'active', '2025-11-10 12:15:42', '2025-11-10 19:15:42'),
(105, 'wendell.huang@mcc.edu.ph', '$2y$10$eGdUYQ1/qIo.MLfn9uzTbOamC9Y63WlF9vZmlMRXt0TVfgTIVttyq', 'student', 'Wendell Andre', 'Huang', NULL, 'active', '2025-11-10 12:15:42', '2025-11-10 19:15:42'),
(106, 'xyrus.irving@mcc.edu.ph', '$2y$10$4vrMVF8AFF/KlmoPIrCanuR/Ec78bQjavGsW9r3MfVcV3CgVQiyj.', 'student', 'Xyrus Kyle', 'Irving', NULL, 'active', '2025-11-10 12:15:42', '2025-11-10 19:15:42'),
(107, 'yara.malonzo@mcc.edu.ph', '$2y$10$oJSjMflWYI2WHCutruB4iO.HflHnYW4oYmh7e4X7BzKJ4uewlaJs.', 'student', 'Yara Nicole', 'Malonzo', NULL, 'active', '2025-11-10 12:15:42', '2025-11-10 19:15:42'),
(108, 'zeke.noble@mcc.edu.ph', '$2y$10$Do.MIHhKjzqTsd8N9rU.Nekp2W2JzIz/QLVCRi3.CJSf70CJSksr6', 'student', 'Zeke Daniel', 'Noble', NULL, 'active', '2025-11-10 12:15:42', '2025-11-10 19:15:42'),
(109, 'abigail.pineda@mcc.edu.ph', '$2y$10$Nl81BwhhufU0cKkd3yOfA.bbRUkcgfXb/NJJ6Bo4x8xAZkzMzOtpq', 'student', 'Abigail Rose', 'Pineda', NULL, 'active', '2025-11-10 12:15:42', '2025-11-10 19:15:42'),
(110, 'ana.ortega@mcc.edu.ph', '$2y$10$9ZltQzA4BL8oxrhx7FU5S.Y58EGi7b8/a50kwKF55SdgDHLc1YDza', 'student', 'Ana', 'Ortega', NULL, 'active', '2025-11-10 12:30:35', '2025-11-10 19:30:35'),
(111, 'ricardo.lim@mcc.edu.ph', '$2y$10$oO3esbnhLoSBMVVAEpi/5.oT2SZ4ht0cj1N1Bpg/Nug.hAicPeL/m', 'student', 'Ricardo', 'Lim', NULL, 'active', '2025-11-10 12:30:35', '2025-11-10 19:30:35'),
(112, 'diego.alvarez@mcc.edu.ph', '$2y$10$RzvrH2OmfCYy8g5rf9YNuu/0eIfT0qnWWPwxU6A3x38lBR7r.QVE.', 'student', 'Diego', 'Alvarez', NULL, 'active', '2025-11-10 12:30:35', '2025-11-10 19:30:35'),
(113, 'julian.sy@mcc.edu.ph', '$2y$10$//yUsNWHi4oBimdkncqP0uhb0MgunJa4PDtINSAPbFT6S152uVm66', 'student', 'Julian', 'Sy', NULL, 'active', '2025-11-10 12:30:35', '2025-11-10 19:30:35'),
(114, 'ian.navarro@mcc.edu.ph', '$2y$10$Lv8VW5L/qd6dhQ3Qe3EpYuL2.Z1mOtUZRlNdy/KGPWLZ2uQ/1pPaW', 'student', 'Ian', 'Navarro', NULL, 'active', '2025-11-10 12:30:35', '2025-11-10 19:30:35'),
(115, 'ava.aquino@mcc.edu.ph', '$2y$10$IuK1OPjM8U80QkPaXS0FFOQf1swNvAexMgD3umm7APk/0AyI5vZe2', 'student', 'Ava', 'Aquino', NULL, 'active', '2025-11-10 12:30:35', '2025-11-10 19:30:35'),
(116, 'ellie.go@mcc.edu.ph', '$2y$10$ZCXB3y0k06FHufahS/V2teJraA/W6IrNYSqzWvQjucKqNnqab1GdG', 'student', 'Ellie', 'Go', NULL, 'active', '2025-11-10 12:30:36', '2025-11-10 19:30:36'),
(117, 'maria.delgado@mcc.edu.ph', '$2y$10$Z6QQ/qH2D7gVhmPvvWdB4.rLJ79g3txauDq2Fvb.Fb00NGw8dUyzi', 'student', 'Maria', 'Delgado', NULL, 'active', '2025-11-10 12:30:36', '2025-11-10 19:30:36'),
(118, 'isabella.delgado@mcc.edu.ph', '$2y$10$9YeXTq1gfpAKYPumeO6wJuzHOMCQI9MMB4P2HWAhwUtcagchsB.0.', 'student', 'Isabella', 'Delgado', NULL, 'active', '2025-11-10 12:30:36', '2025-11-10 19:30:36'),
(119, 'camila.delos.santos@mcc.edu.ph', '$2y$10$dQyyKqDYjILaEpQlbSgJoONmz7cr5czVhUS/sPvNRmMYq.RaMVilm', 'student', 'Camila', 'Delos Santos', NULL, 'active', '2025-11-10 12:30:36', '2025-11-10 19:30:36'),
(120, 'miguel.ortega@mcc.edu.ph', '$2y$10$b2ey6HQ529Go4V4TvOL9C.IHDeDEeIsYB0Pydxiz8LBHc0UDodJlO', 'student', 'Miguel', 'Ortega', NULL, 'active', '2025-11-10 12:30:36', '2025-11-10 19:30:36'),
(121, 'lucia.pineda@mcc.edu.ph', '$2y$10$Lrym9nnQukuWCWiyg3baBuep.utlPtfKEBCxFqBrIwVi4WDhs4oFG', 'student', 'Lucia', 'Pineda', NULL, 'active', '2025-11-10 12:30:36', '2025-11-10 19:30:36'),
(122, 'stella.delos.santos@mcc.edu.ph', '$2y$10$CWwtdqdzT8m3PYlOZgCSgOc1R9zGLJYz.PlsNbWmvAz5c8E7dpvO2', 'student', 'Stella', 'Delos Santos', NULL, 'active', '2025-11-10 12:30:36', '2025-11-10 19:30:36'),
(123, 'chloe.aquino@mcc.edu.ph', '$2y$10$9XuzGkzfSmq79V/usvcvHeJdwOk0F.4WtLgmWUHvwjWNRU5HDvq0W', 'student', 'Chloe', 'Aquino', NULL, 'active', '2025-11-10 12:30:36', '2025-11-10 19:30:36'),
(124, 'ian.perez@mcc.edu.ph', '$2y$10$cGwyIpiCs2aQUFTTlMJ.I.W8YBeyLc27oRH.BFuiZD6egI/F/C0bO', 'student', 'Ian', 'Perez', NULL, 'active', '2025-11-10 12:30:36', '2025-11-10 19:30:36'),
(125, 'ellie.santos@mcc.edu.ph', '$2y$10$tBnqZJMZCgqMXtYkZYYj/OZkVGaYjok.TlnFsylch5n/MLQIk3xUW', 'student', 'Ellie', 'Santos', NULL, 'active', '2025-11-10 12:30:36', '2025-11-10 19:30:36'),
(126, 'isabella.rivera@mcc.edu.ph', '$2y$10$SB9FM/e0eE53T8GH7YtLv.mYYBbY39VKIlPitvBbFwbbjdjTmYFw.', 'student', 'Isabella', 'Rivera', NULL, 'active', '2025-11-10 12:30:36', '2025-11-10 19:30:36'),
(127, 'felipe.ramos@mcc.edu.ph', '$2y$10$YL7fpcigO5IWiEzzY21U4u.7cenvcg./.24hvOBBQg71kd0Q4fO.q', 'student', 'Felipe', 'Ramos', NULL, 'active', '2025-11-10 12:30:36', '2025-11-10 19:30:36'),
(128, 'sophia.navarro@mcc.edu.ph', '$2y$10$2Ctqa1L.LUxOeHXixC.9seKNhaNFiIVq118ZbukRYrgxFn7GmIjtC', 'student', 'Sophia', 'Navarro', NULL, 'active', '2025-11-10 12:30:36', '2025-11-10 19:30:36'),
(129, 'lily.santos@mcc.edu.ph', '$2y$10$vp6PCd.r7tFo9rZa5DL89esN06ox9TFthX4TAOK1.pDcSH33quAey', 'student', 'Lily', 'Santos', NULL, 'active', '2025-11-10 12:30:37', '2025-11-10 19:30:37'),
(130, 'diego.lozano@mcc.edu.ph', '$2y$10$.XfW9SMn4H9ukixKorTpWuQqFOmLQ6g9ztgWk6IJXM8Hlrb2pyXNG', 'student', 'Diego', 'Lozano', NULL, 'active', '2025-11-10 12:30:37', '2025-11-10 19:30:37'),
(131, 'diego.dela.cruz@mcc.edu.ph', '$2y$10$3Bx/4FfjwkLH2N77rU0pdeejY.tk.lS88Hv8qoG.gCDgT4Gsi.RBC', 'student', 'Diego', 'Dela Cruz', NULL, 'active', '2025-11-10 12:30:37', '2025-11-10 19:30:37'),
(132, 'marcus.quinto@mcc.edu.ph', '$2y$10$2cRZof65Xzsp0.Nh6baUY.VYpq1ZIRPNI2iQfP9f90uGCllYYg.fO', 'student', 'Marcus', 'Quinto', NULL, 'active', '2025-11-10 12:30:37', '2025-11-10 19:30:37'),
(133, 'zoe.garcia@mcc.edu.ph', '$2y$10$qtvF/qIOUyi0D9Wg6fxNrefhCLiL9Vqrk1ZNbvTm7RupUToLc9DUm', 'student', 'Zoe', 'Garcia', NULL, 'active', '2025-11-10 12:30:37', '2025-11-10 19:30:37'),
(134, 'lucia.delgado@mcc.edu.ph', '$2y$10$h963tNYSUAuEd/TiIhDLI.SF9FJoLij3UWVGVUMpDNcUncNNYQTAy', 'student', 'Lucia', 'Delgado', NULL, 'active', '2025-11-10 12:30:37', '2025-11-10 19:30:37'),
(135, 'sophia.santos@mcc.edu.ph', '$2y$10$3OuKz.NQIzcBgagKU2gVreQUd6EPmW.ExrBckxurhILNrmSRQd2Qe', 'student', 'Sophia', 'Santos', NULL, 'active', '2025-11-10 12:30:37', '2025-11-10 19:30:37'),
(136, 'cristina.garcia@mcc.edu.ph', '$2y$10$sIq54Bdi.Mvxs2d9kTaB4OEjo8SoIzWUfrtETfro3ebdlx2xEV0xO', 'student', 'Cristina', 'Garcia', NULL, 'active', '2025-11-10 12:30:37', '2025-11-10 19:30:37'),
(137, 'dylan.perez@mcc.edu.ph', '$2y$10$xLusCvnOsHfGXWSSwUNT9e3qxx6uKZHfS9KB2Yc5YfOsszVPUiXOS', 'student', 'Dylan', 'Perez', NULL, 'active', '2025-11-10 12:30:37', '2025-11-10 19:30:37'),
(138, 'victor.santos@mcc.edu.ph', '$2y$10$K.65ATyJZcTui4JznRG1VOm5n/jv178fClxYvF7B09IpYl3Aw7aB6', 'student', 'Victor', 'Santos', NULL, 'active', '2025-11-10 12:30:37', '2025-11-10 19:30:37'),
(139, 'diego.villanueva@mcc.edu.ph', '$2y$10$ddPXbQ3m1FxEYE4qr8hgj.5GtAAN6sUDASmU9tR15eAHpOag87vhy', 'student', 'Diego', 'Villanueva', NULL, 'active', '2025-11-10 12:30:37', '2025-11-10 19:30:37'),
(140, 'ricardo.reyes@mcc.edu.ph', '$2y$10$3GlcTUqfhmMtRKvolNg3a.mVL3OeRlRlqcOFWBgwCqv1VI2m6BAgO', 'student', 'Ricardo', 'Reyes', NULL, 'active', '2025-11-10 12:30:37', '2025-11-10 19:30:37'),
(141, 'gabriela.fernandez@mcc.edu.ph', '$2y$10$E.H45zNesHnsyWDlGjvLU.ynRVPurBXot0w8Kvjxy4VFvG0tzXv0i', 'student', 'Gabriela', 'Fernandez', NULL, 'active', '2025-11-10 12:30:37', '2025-11-10 19:30:37'),
(142, 'luis.garcia@mcc.edu.ph', '$2y$10$q1OO3FdOBQvH4Sg//qDeredqTnk3JPlZBeXC/5WtmkRmFWe6TMSBK', 'student', 'Luis', 'Garcia', NULL, 'active', '2025-11-10 12:30:37', '2025-11-10 19:30:37'),
(143, 'jorge.delos.santos@mcc.edu.ph', '$2y$10$4cejWj.phjNl64jJLoWxWOCSvU1Q2xa6bMdjD/0ZWHbZcEsCOvRie', 'student', 'Jorge', 'Delos Santos', NULL, 'active', '2025-11-10 12:30:37', '2025-11-10 19:30:37'),
(144, 'leo.aquino@mcc.edu.ph', '$2y$10$tEoWo5184VhAxWmKz6hWXuQX47TZ7vh.ZxuPntHQHyPLbPb3gDWfW', 'student', 'Leo', 'Aquino', NULL, 'active', '2025-11-10 12:30:38', '2025-11-10 19:30:38'),
(145, 'nathan.ramos@mcc.edu.ph', '$2y$10$L4XGzrMaJPQ.L32V0VtTbeouxIXwrtnIzl6CqrGAZJrlO7hD/kwEq', 'student', 'Nathan', 'Ramos', NULL, 'active', '2025-11-10 12:30:38', '2025-11-10 19:30:38'),
(146, 'gabriela.santiago@mcc.edu.ph', '$2y$10$HGpNeDWVOqsc0NdJf1ulve3iFqDYaDP5mvG92WdpRm7dY7gXOGSDG', 'student', 'Gabriela', 'Santiago', NULL, 'active', '2025-11-10 12:30:38', '2025-11-10 19:30:38'),
(147, 'oscar.lim@mcc.edu.ph', '$2y$10$lxfGFuNzrcc8GhFcaTVLQui49HQXwclHm5nkMQ1ls86/EXgxavhrm', 'student', 'Oscar', 'Lim', NULL, 'active', '2025-11-10 12:30:38', '2025-11-10 19:30:38'),
(148, 'mia.perez@mcc.edu.ph', '$2y$10$9fqTsxt2Nfm12pKuMPF7wuXONgEspD3UzrE8i7Zr0CHNJDtZbqjWK', 'student', 'Mia', 'Perez', NULL, 'active', '2025-11-10 12:30:38', '2025-11-10 19:30:38'),
(149, 'elena.gomez@mcc.edu.ph', '$2y$10$ShQsDgooIRAoLxHnBpGkzeS1qSRSDRHb8.HiFrQHfD8H/W..WdANK', 'student', 'Elena', 'Gomez', NULL, 'active', '2025-11-10 12:30:38', '2025-11-10 19:30:38'),
(150, 'ana.gomez@mcc.edu.ph', '$2y$10$tHlpjZQlleSw8GDpOAHU1OBICZGYWp9DKHS2G4iIoDpuX71vw72Py', 'student', 'Ana', 'Gomez', NULL, 'active', '2025-11-10 12:30:38', '2025-11-10 19:30:38'),
(151, 'ava.mendoza@mcc.edu.ph', '$2y$10$pABA8e6y/hrnKPvjw8Heouv2LtgXWFjJATsDnQattdXIyyoSII9bu', 'student', 'Ava', 'Mendoza', NULL, 'active', '2025-11-10 12:30:38', '2025-11-10 19:30:38'),
(152, 'sebastian.alvarez@mcc.edu.ph', '$2y$10$40.uU5bY.UXyAvO4V7Yaq.eo9REmrXOreHLgfcs1wbNtWS.WxOvA2', 'student', 'Sebastian', 'Alvarez', NULL, 'active', '2025-11-10 12:30:38', '2025-11-10 19:30:38'),
(153, 'brian.beltran@mcc.edu.ph', '$2y$10$6pv2rhmneJes3bF6pocxnOBEVyLSoIFuv4082ZvLwpSxITrH0rYvS', 'student', 'Brian', 'Beltran', NULL, 'active', '2025-11-10 12:30:38', '2025-11-10 19:30:38'),
(154, 'nathan.santiago@mcc.edu.ph', '$2y$10$oMur4j7cUFAMOLqhOSfn3OvHLc2QuyJmV7KxDdv/fTbylOXsPDXQS', 'student', 'Nathan', 'Santiago', NULL, 'active', '2025-11-10 12:30:38', '2025-11-10 19:30:38'),
(155, 'nathan.ignacio@mcc.edu.ph', '$2y$10$O1JguGd0lV/I9S3YvRj2e.JSNFol2nmnFnIFgC6N5NTfA7PWhNSRS', 'student', 'Nathan', 'Ignacio', NULL, 'active', '2025-11-10 12:30:38', '2025-11-10 19:30:38'),
(156, 'lily.rivera@mcc.edu.ph', '$2y$10$fcibbDy/CqFPF0cH7211H.T7tIHvH3yPA3LcehN/wDS.lzbFmZBgy', 'student', 'Lily', 'Rivera', NULL, 'active', '2025-11-10 12:30:38', '2025-11-10 19:30:38'),
(157, 'carlos.lim@mcc.edu.ph', '$2y$10$ZX3SWDpZaZBf5ZJvfKBzhOHEOsx9RfPo8gYX.hdxacphRPM0CFzK.', 'student', 'Carlos', 'Lim', NULL, 'active', '2025-11-10 12:30:38', '2025-11-10 19:30:38'),
(158, 'carlos.dela.cruz@mcc.edu.ph', '$2y$10$5RgwKPORf.ylXlnAgbg0Kuxj5sHv9yAxgm0b/Yzq2UmJWKLQVp1hK', 'student', 'Carlos', 'Dela Cruz', NULL, 'active', '2025-11-10 12:30:39', '2025-11-10 19:30:39'),
(159, 'ana.santiago@mcc.edu.ph', '$2y$10$x7AumFpCvIhEDSc2KbW5NOxyfAb41q4tRcPceO4ffP3YJebAUFVFK', 'student', 'Ana', 'Santiago', NULL, 'active', '2025-11-10 12:30:39', '2025-11-10 19:30:39'),
(160, 'ian.diaz@mcc.edu.ph', '$2y$10$P1jUfUwoVa6ZtIVKz/EsveK.hltkVp64Yfiqgeljs7kVkVcIM9aeK', 'student', 'Ian', 'Diaz', NULL, 'active', '2025-11-10 12:30:39', '2025-11-10 19:30:39'),
(161, 'carlos.santiago@mcc.edu.ph', '$2y$10$mJIZig7GgF3fVEFpJCgmZeR8SWsTmnIYlK3CRetrtyxojmvSJkc9W', 'student', 'Carlos', 'Santiago', NULL, 'active', '2025-11-10 12:30:39', '2025-11-10 19:30:39'),
(162, 'julian.cruz@mcc.edu.ph', '$2y$10$dVWmr.opMW2MvKGk5w/EwuerYVJpebZ8I3Tz9qywThvMvMoDVUcW2', 'student', 'Julian', 'Cruz', NULL, 'active', '2025-11-10 12:30:39', '2025-11-10 19:30:39'),
(163, 'chloe.sy@mcc.edu.ph', '$2y$10$iZlkrPlzDq4gfYE7rMxf/OsGDCSwF3ZjWZg9lPpbKaNMAuIjGVMqa', 'student', 'Chloe', 'Sy', NULL, 'active', '2025-11-10 12:30:39', '2025-11-10 19:30:39'),
(164, 'mia.sy@mcc.edu.ph', '$2y$10$nmS/2aU2hcSGmOf11PmGtuiveA8vk6WO4tmxw.cxYZZIzv4NexS3O', 'student', 'Mia', 'Sy', NULL, 'active', '2025-11-10 12:30:39', '2025-11-10 19:30:39'),
(165, 'ava.diaz@mcc.edu.ph', '$2y$10$ek7OI4yUpyv3Oa391R5/reYVfXPloSeePVthzCZbrId082wsYmZQe', 'student', 'Ava', 'Diaz', NULL, 'active', '2025-11-10 12:30:39', '2025-11-10 19:30:39'),
(166, 'miguel.cruz@mcc.edu.ph', '$2y$10$VLYP7sy60i.YRan/eM0fjOGDeRuPIhYIAeWPVWpkhYVcUTQ/Lh7w2', 'student', 'Miguel', 'Cruz', NULL, 'active', '2025-11-10 12:30:39', '2025-11-10 19:30:39'),
(167, 'andres.ramos@mcc.edu.ph', '$2y$10$07iXCmOrwY2D6j84rfujOOq50551Vf/cubLD4/618PXDHd3LpPUYa', 'student', 'Andres', 'Ramos', NULL, 'active', '2025-11-10 12:30:39', '2025-11-10 19:30:39'),
(168, 'andres.medina@mcc.edu.ph', '$2y$10$iKYlhg3mrzRywe06DzQmD.guRSYsDiG2grki4bTCLJikcMmA/6dTy', 'student', 'Andres', 'Medina', NULL, 'active', '2025-11-10 12:30:39', '2025-11-10 19:30:39'),
(169, 'nathan.perez@mcc.edu.ph', '$2y$10$HoAR3pU4a5OKfaurVf6rpOV5gOroKygy6aH7x.Yp5SjmVhc2i2wVG', 'student', 'Nathan', 'Perez', NULL, 'active', '2025-11-10 12:30:39', '2025-11-10 19:30:39'),
(170, 'leo.delgado@mcc.edu.ph', '$2y$10$.nG/ngRKMaZDZ/LmZHEYK.7IxcDqcotmqxQVNQooocijHu/p/L37W', 'student', 'Leo', 'Delgado', NULL, 'active', '2025-11-10 12:30:39', '2025-11-10 19:30:39'),
(171, 'ricardo.tan@mcc.edu.ph', '$2y$10$En/d2jrleAUH68gc5c.5veAz4tFE7Oe4sqfSSIaN29wq07cFBiqUi', 'student', 'Ricardo', 'Tan', NULL, 'active', '2025-11-10 12:30:39', '2025-11-10 19:30:39'),
(172, 'ava.santos@mcc.edu.ph', '$2y$10$y9pl4lJT4glN8UpBJNT8p.4iV8naP4PULP6x1.OFTCWi6.GbxXg3.', 'student', 'Ava', 'Santos', NULL, 'active', '2025-11-10 12:30:40', '2025-11-10 19:30:40'),
(173, 'chloe.cruz@mcc.edu.ph', '$2y$10$AnqgrrNcHHXSi6LX7qrRre9cqfN29UdaWXqqNgcmsZNTmEmj7nJtu', 'student', 'Chloe', 'Cruz', NULL, 'active', '2025-11-10 12:30:40', '2025-11-10 19:30:40'),
(174, 'axel.lozano@mcc.edu.ph', '$2y$10$UBju2VyhuwcKtPav.I3BROrTvxWbl3DsbjpaeAu/fg/K4saxyQVZC', 'student', 'Axel', 'Lozano', NULL, 'active', '2025-11-10 12:30:40', '2025-11-10 19:30:40'),
(175, 'sebastian.ocampo@mcc.edu.ph', '$2y$10$bySvMk.ImSpVFioYdR4dGee9mmxqaCissyIkktgqgVQfTqYsf4W9i', 'student', 'Sebastian', 'Ocampo', NULL, 'active', '2025-11-10 12:30:40', '2025-11-10 19:30:40'),
(176, 'leo.ocampo@mcc.edu.ph', '$2y$10$xBOTFbA2m7FzSJHRJzrMh.dufD3gs3fpShlx3ybNkE1RtrkcDwWjy', 'student', 'Leo', 'Ocampo', NULL, 'active', '2025-11-10 12:30:40', '2025-11-10 19:30:40'),
(177, 'jorge.ocampo@mcc.edu.ph', '$2y$10$FiItD.oc4m56/htZZ8bNcOUi8dSuFSS25Lm1AlLHGjE5AN7SXb0y.', 'student', 'Jorge', 'Ocampo', NULL, 'active', '2025-11-10 12:30:40', '2025-11-10 19:30:40'),
(178, 'luis.delgado@mcc.edu.ph', '$2y$10$j1Uy.NJ17hxbRk0fbShZz.dRo8iuPVtvqyCpuSQI.RallHKQDISyu', 'student', 'Luis', 'Delgado', NULL, 'active', '2025-11-10 12:30:40', '2025-11-10 19:30:40'),
(179, 'axel.salazar@mcc.edu.ph', '$2y$10$6CSOgn44T8ot7lSSw/RLpeBT.Byj4QvnO.SVYzuhGKFK0oQb.ROBG', 'student', 'Axel', 'Salazar', NULL, 'active', '2025-11-10 12:30:40', '2025-11-10 19:30:40'),
(180, 'stella.fernandez@mcc.edu.ph', '$2y$10$5eCe1/IfHN0dWm3Aiplsv.35o40zwnpwpNLkwtA4duH2D2lZDmdX2', 'student', 'Stella', 'Fernandez', NULL, 'active', '2025-11-10 12:30:40', '2025-11-10 19:30:40'),
(181, 'chloe.lozano@mcc.edu.ph', '$2y$10$ixofoCCbY1N6YWvoKfJrruYBXFW0lAMRlV44qtP3wjgYYOzupb0CC', 'student', 'Chloe', 'Lozano', NULL, 'active', '2025-11-10 12:30:40', '2025-11-10 19:30:40'),
(182, 'leo.mendoza@mcc.edu.ph', '$2y$10$iB6b2BfZ8JepEowWl9KPge/2iwfGL65yrIwPo5HpJtfsUkWb6cYna', 'student', 'Leo', 'Mendoza', NULL, 'active', '2025-11-10 12:30:40', '2025-11-10 19:30:40'),
(183, 'cristina.aquino@mcc.edu.ph', '$2y$10$/92vguj3gZU4.pgBQ4rP3e4nEWyCiIBbjvEOgbShS.SPEG0X/DiYC', 'student', 'Cristina', 'Aquino', NULL, 'active', '2025-11-10 12:30:40', '2025-11-10 19:30:40'),
(184, 'nathan.gomez@mcc.edu.ph', '$2y$10$xHT0D.QmtCta4HcQQkQl9e5UycfSomiilFt0v1.DVbbeRLtmJaRrW', 'student', 'Nathan', 'Gomez', NULL, 'active', '2025-11-10 12:30:40', '2025-11-10 19:30:40'),
(185, 'andres.rivera@mcc.edu.ph', '$2y$10$hDWxIrKxTh6Ad7ZBUOvbDOLPOVe.q0/RV3jFx3p/hGj4qKpCm0L4i', 'student', 'Andres', 'Rivera', NULL, 'active', '2025-11-10 12:30:40', '2025-11-10 19:30:40'),
(186, 'sophia.sy@mcc.edu.ph', '$2y$10$3anl6UAZ2EnumB3rGZRzteKfPQq3dgWTh42/eRGhXQk.6aaGJpzNe', 'student', 'Sophia', 'Sy', NULL, 'active', '2025-11-10 12:30:40', '2025-11-10 19:30:40'),
(187, 'luis.medina@mcc.edu.ph', '$2y$10$8ZhMcWozItV/rWZpceYqfeLrtXu1eAnSTtz3mYXdKKxOhGNo5L/3O', 'student', 'Luis', 'Medina', NULL, 'active', '2025-11-10 12:30:41', '2025-11-10 19:30:41'),
(188, 'stella.katindig@mcc.edu.ph', '$2y$10$vBB/kEgfia0taz8tZNsIZOGqhhweyxqRDcCbpruy/c1/Pb0GCFbOW', 'student', 'Stella', 'Katindig', NULL, 'active', '2025-11-10 12:30:41', '2025-11-10 19:30:41'),
(189, 'marcus.lim@mcc.edu.ph', '$2y$10$FRoTN67zYiT.TET97efoT.lBQXHjZVONV8njSq1x8Yy/SVkiP2DdG', 'student', 'Marcus', 'Lim', NULL, 'active', '2025-11-10 12:30:41', '2025-11-10 19:30:41'),
(190, 'axel.santiago@mcc.edu.ph', '$2y$10$8tibOWJt.2HwEH61Xo0RNe1rRhcxz4wGwmT/AmaYs9z/svSnlD6rO', 'student', 'Axel', 'Santiago', NULL, 'active', '2025-11-10 12:30:41', '2025-11-10 19:30:41'),
(191, 'ava.medina@mcc.edu.ph', '$2y$10$5gkZOaWQJ/HV8eQeZ4Z7u.vw5EWqCVbgBF8C/cmFltYt3JNS1lSYi', 'student', 'Ava', 'Medina', NULL, 'active', '2025-11-10 12:30:41', '2025-11-10 19:30:41'),
(192, 'ana.torres@mcc.edu.ph', '$2y$10$cFmE2Nnm552VOeHd4cYQROM5Y1VYgxWZGlghyDDfzFHSdjDdn0jkK', 'student', 'Ana', 'Torres', NULL, 'active', '2025-11-10 12:30:41', '2025-11-10 19:30:41'),
(193, 'maria.villanueva@mcc.edu.ph', '$2y$10$tAnYVNu/bd5IFJMJ./QjMO5IIMHRGbGn3HtiaSEP/9T2yV/.nzTA2', 'student', 'Maria', 'Villanueva', NULL, 'active', '2025-11-10 12:30:41', '2025-11-10 19:30:41'),
(194, 'brian.rivera@mcc.edu.ph', '$2y$10$xFzta20hl6XQvMUXUc8v5.KZmEaY5S1/cQAhoY0aw0My8giu3p3NG', 'student', 'Brian', 'Rivera', NULL, 'active', '2025-11-10 12:30:41', '2025-11-10 19:30:41'),
(195, 'nathan.ortega@mcc.edu.ph', '$2y$10$YxU9VaEFwoj02IoytvovweNQ/jI.XOMEgGqp6fZTUAlYk0s3ix6Xy', 'student', 'Nathan', 'Ortega', NULL, 'active', '2025-11-10 12:30:41', '2025-11-10 19:30:41'),
(196, 'cristina.katindig@mcc.edu.ph', '$2y$10$rsoojUmE7nK7lWsaR5c.VOEZ2giJ365NPQ.BCYf.G4qKB1Ome.iom', 'student', 'Cristina', 'Katindig', NULL, 'active', '2025-11-10 12:30:41', '2025-11-10 19:30:41'),
(197, 'jorge.torres@mcc.edu.ph', '$2y$10$ANAvQm.AKIRRZX8U/8qAkePDBTaAn09SjGcTLfBYV5ouO3MCuXKuC', 'student', 'Jorge', 'Torres', NULL, 'active', '2025-11-10 12:30:41', '2025-11-10 19:30:41'),
(198, 'leo.bautista@mcc.edu.ph', '$2y$10$3n1cxdSzFIZnTES3SFkbJOdIP6x2B0eWiD/W/PA4wz1GKde7Hlliy', 'student', 'Leo', 'Bautista', NULL, 'active', '2025-11-10 12:30:41', '2025-11-10 19:30:41'),
(199, 'stella.medina@mcc.edu.ph', '$2y$10$Bn7CpqX70W9gKzDaVl.ARe6raegJBu9MnSC4DP/HzgxccKdKm583i', 'student', 'Stella', 'Medina', NULL, 'active', '2025-11-10 12:30:41', '2025-11-10 19:30:41'),
(200, 'jorge.ortega@mcc.edu.ph', '$2y$10$qS/.Q9UBgzwWgyUZaTC82ePg09wW/zX6gV0kKm3TdEw/dacDJ0oA.', 'student', 'Jorge', 'Ortega', NULL, 'active', '2025-11-10 12:30:41', '2025-11-10 19:30:41'),
(201, 'cristina.tan@mcc.edu.ph', '$2y$10$hfwxrB30oCz5WZFRwx2KBO19dzH4HSZ9buG1RrPinrkzZKck.gQlG', 'student', 'Cristina', 'Tan', NULL, 'active', '2025-11-10 12:30:42', '2025-11-10 19:30:42'),
(202, 'stella.rivera@mcc.edu.ph', '$2y$10$dR3iI5yfyiyXrfKYJsgQO.Dejobx5lwJqzclSP2OcBnUCpjvOzye6', 'student', 'Stella', 'Rivera', NULL, 'active', '2025-11-10 12:30:42', '2025-11-10 19:30:42'),
(203, 'julian.ignacio@mcc.edu.ph', '$2y$10$tEsIbgvvrSq/SAlEjs/Onutv6HwSA92GsEKgFRSp0F4AF87JXWTXy', 'student', 'Julian', 'Ignacio', NULL, 'active', '2025-11-10 12:30:42', '2025-11-10 19:30:42'),
(204, 'sofia.bautista@mcc.edu.ph', '$2y$10$h4M918HFbQ5TnoeGxWkAq.37Kpw4NWKkDsi0ZOvUb9s4otxFj06MG', 'student', 'Sofia', 'Bautista', NULL, 'active', '2025-11-10 12:30:42', '2025-11-10 19:30:42'),
(205, 'nathan.mendoza@mcc.edu.ph', '$2y$10$bUQRSBVxJuJwq5rkNrZRleIjrB4UBROx7ySSzO9ST4KgnP.fMH.g2', 'student', 'Nathan', 'Mendoza', NULL, 'active', '2025-11-10 12:30:42', '2025-11-10 19:30:42'),
(206, 'nathan.delos.santos@mcc.edu.ph', '$2y$10$kc/XCUJOlrHiomyHhokDBOGp/NEM4.x3R8BuWoh4Q8DHF.1AbOxAK', 'student', 'Nathan', 'Delos Santos', NULL, 'active', '2025-11-10 12:30:42', '2025-11-10 19:30:42'),
(207, 'jorge.tan@mcc.edu.ph', '$2y$10$CP.Te3UH3fPT5Lvnt.agfe51QU29Azq7YACLWFndPRq65pjdigC5q', 'student', 'Jorge', 'Tan', NULL, 'active', '2025-11-10 12:30:42', '2025-11-10 19:30:42'),
(208, 'oscar.uy@mcc.edu.ph', '$2y$10$WuxxVDI46Fl0HV0FhZZTHOzJipN7dYUmxzJcvnPt9wCxiuIesfEwW', 'student', 'Oscar', 'Uy', NULL, 'active', '2025-11-10 12:30:42', '2025-11-10 19:30:42'),
(209, 'cristina.lim@mcc.edu.ph', '$2y$10$8QfaQtyTDlJmgT91ANCgEOpUTmUMPR1CrDcBmskOdnIZXpkfYufX2', 'student', 'Cristina', 'Lim', NULL, 'active', '2025-11-10 12:30:42', '2025-11-10 19:30:42'),
(210, 'gabriela.torres@mcc.edu.ph', '$2y$10$UJXily9ApB9CH0w0gVWa/ev7LQOCEkLpfMWdGjh1PVhuejWaDc7uS', 'student', 'Gabriela', 'Torres', NULL, 'active', '2025-11-10 12:30:42', '2025-11-10 19:30:42'),
(211, 'ellie.rivera@mcc.edu.ph', '$2y$10$XSlC7QoQmsTE.dBgqrQjZ.CaS0WukkD/QQt7/YA9jI5TdrpHjh5T.', 'student', 'Ellie', 'Rivera', NULL, 'active', '2025-11-10 12:30:42', '2025-11-10 19:30:42'),
(212, 'dylan.bravo@mcc.edu.ph', '$2y$10$I/2UvqCqwJalfgP2rjzkkeJ7rX2RoVGl11QsnHchx5z78uGJcjRgS', 'student', 'Dylan', 'Bravo', NULL, 'active', '2025-11-10 12:30:42', '2025-11-10 19:30:42'),
(213, 'oscar.garcia@mcc.edu.ph', '$2y$10$S9BYkd723SuKan9oYt4p8.7NirYpV7hdBADWsl2mEblqHIBL4nW..', 'student', 'Oscar', 'Garcia', NULL, 'active', '2025-11-10 12:30:42', '2025-11-10 19:30:42'),
(214, 'nina.medina@mcc.edu.ph', '$2y$10$0Kruj1cP/doFfDkHPhMDy.2yUn536q9gkE6HIQhDfNJLI3dqdnWDe', 'student', 'Nina', 'Medina', NULL, 'active', '2025-11-10 12:30:42', '2025-11-10 19:30:42'),
(215, 'mia.huang@mcc.edu.ph', '$2y$10$LndX0/I3IX4D/WZ58cyryepiIHTrbm3NtD1jzfCwQaJn9mhntMR7O', 'student', 'Mia', 'Huang', NULL, 'active', '2025-11-10 12:30:42', '2025-11-10 19:30:42'),
(216, 'isabella.alvarez@mcc.edu.ph', '$2y$10$p2EVctSTRnd4UpYepDNgfea5MKaIW1Tp6iOV8ypkCRWoJq7pUsD0y', 'student', 'Isabella', 'Alvarez', NULL, 'active', '2025-11-10 12:30:43', '2025-11-10 19:30:43'),
(217, 'mia.quinto@mcc.edu.ph', '$2y$10$6v4z2o130mC8QLi0C7v/9u5pxVj3383ArXgH16/2skmn3pfNReUwm', 'student', 'Mia', 'Quinto', NULL, 'active', '2025-11-10 12:30:43', '2025-11-10 19:30:43'),
(218, 'andres.uy@mcc.edu.ph', '$2y$10$dkNqnWKVBiPia7BFJgTDLO6IvrwR3qneHyf8OdsPkMVoHG1d/.1eS', 'student', 'Andres', 'Uy', NULL, 'active', '2025-11-10 12:30:43', '2025-11-10 19:30:43'),
(219, 'maria.uy@mcc.edu.ph', '$2y$10$qctTeH8Xf4PvFARehPDb4eiD//KNEnuZRhaMzk/Qjf3YJiYfVv7pu', 'student', 'Maria', 'Uy', NULL, 'active', '2025-11-10 12:30:43', '2025-11-10 19:30:43'),
(220, 'ricardo.ramos@mcc.edu.ph', '$2y$10$LXmAppKZiv5SRosloS1lV.zJ2nFUhUXYr0iXlpklKhMwFl94/nKSS', 'student', 'Ricardo', 'Ramos', NULL, 'active', '2025-11-10 12:30:43', '2025-11-10 19:30:43'),
(221, 'emma.salazar@mcc.edu.ph', '$2y$10$VhJrZCureVjidPNNZ9IyYulORdGvhlwTip//zVPJ4WOrDOIRMii66', 'student', 'Emma', 'Salazar', NULL, 'active', '2025-11-10 12:30:43', '2025-11-10 19:30:43'),
(222, 'andres.dela.cruz@mcc.edu.ph', '$2y$10$cfX9Tt4UKWDa2WsmOOGSYu5zRp1ycQ1MHOXZx/iJAHwk4RqZWkabq', 'student', 'Andres', 'Dela Cruz', NULL, 'active', '2025-11-10 12:30:43', '2025-11-10 19:30:43'),
(223, 'oscar.reyes@mcc.edu.ph', '$2y$10$JNj.p9tugyODl2DQJ602meO3XV2F5g3XFfvdeR9PiNOvz8cMOGTkm', 'student', 'Oscar', 'Reyes', NULL, 'active', '2025-11-10 12:30:43', '2025-11-10 19:30:43'),
(224, 'lily.perez@mcc.edu.ph', '$2y$10$d6cHK9MusOK9J2bq9EEiAOcqwMDoaHm0ay3m1fGASdm42furLC0em', 'student', 'Lily', 'Perez', NULL, 'active', '2025-11-10 12:30:43', '2025-11-10 19:30:43'),
(225, 'isabella.lim@mcc.edu.ph', '$2y$10$Y3jf5xF6X11STfDCCY1fxOJtU20gd25z6rTRse4BHeAieudijun/K', 'student', 'Isabella', 'Lim', NULL, 'active', '2025-11-10 12:30:43', '2025-11-10 19:30:43'),
(226, 'cristina.medina@mcc.edu.ph', '$2y$10$dKWR3XHJ1kuJ4VOz4u2tIu6jI19KjEgt1R7upnLUhb8j3cNREax2e', 'student', 'Cristina', 'Medina', NULL, 'active', '2025-11-10 12:30:43', '2025-11-10 19:30:43'),
(227, 'ava.go@mcc.edu.ph', '$2y$10$RrhfVp7JoDCufYit4NDvT.hh3gdt6sjNSaZzMBWK9.UnZ3.QTxQ/W', 'student', 'Ava', 'Go', NULL, 'active', '2025-11-10 12:30:43', '2025-11-10 19:30:43'),
(228, 'emma.pineda@mcc.edu.ph', '$2y$10$0U50dSH25gvFe9hs5sOQJOBuVHI/8rBLBWcCWlk2Qm2nWBsOV8u1y', 'student', 'Emma', 'Pineda', NULL, 'active', '2025-11-10 12:30:43', '2025-11-10 19:30:43'),
(229, 'ian.fernandez@mcc.edu.ph', '$2y$10$S3G4nIkCRgSOlofGrBfqzuv2AOzyxUK4YalMvROqrB50o0abyOVna', 'student', 'Ian', 'Fernandez', NULL, 'active', '2025-11-10 12:30:43', '2025-11-10 19:30:43'),
(230, 'ava.garcia@mcc.edu.ph', '$2y$10$5YSIjR1CKwuSDr90.2BanecyOtByXkrfRlsMrdsDJIFUiMpLUgiPu', 'student', 'Ava', 'Garcia', NULL, 'active', '2025-11-10 12:30:44', '2025-11-10 19:30:44'),
(231, 'stella.santos@mcc.edu.ph', '$2y$10$5RpO2DktXN9Y5MWPdmWPu.JXCNH8OIGpM770keOI6ftLYR2Zti.1K', 'student', 'Stella', 'Santos', NULL, 'active', '2025-11-10 12:30:44', '2025-11-10 19:30:44'),
(232, 'camila.beltran@mcc.edu.ph', '$2y$10$RXT/7iHAy92E157yYOgV/uohko0R7BKuLTKwyJ7Vx2PzjXOxnmKhu', 'student', 'Camila', 'Beltran', NULL, 'active', '2025-11-10 12:30:44', '2025-11-10 19:30:44'),
(233, 'isabella.perez@mcc.edu.ph', '$2y$10$kkF72.TOY3iW.yMiXY.bjOZGD1xDYqDcCEPs9hFG/qvvGhCWn7GfC', 'student', 'Isabella', 'Perez', NULL, 'active', '2025-11-10 12:30:44', '2025-11-10 19:30:44'),
(234, 'emma.santos@mcc.edu.ph', '$2y$10$79ENSumESqqiwfGaMdWDTOSNURr0K5oYDYntoXvmTZ/1qNzJGGp4W', 'student', 'Emma', 'Santos', NULL, 'active', '2025-11-10 12:30:44', '2025-11-10 19:30:44'),
(235, 'lily.sy@mcc.edu.ph', '$2y$10$4of6Af5AMvL530BOsKyBNuS.U1crd0KDJZ1ZUmLRM8pTPSbnAD5jS', 'student', 'Lily', 'Sy', NULL, 'active', '2025-11-10 12:30:44', '2025-11-10 19:30:44'),
(236, 'zoe.lozano@mcc.edu.ph', '$2y$10$Fq7Y1Jg1jiILsKSH5fLtMuz3V345ttCeAgxV3MKgl5HjaecPohrnO', 'student', 'Zoe', 'Lozano', NULL, 'active', '2025-11-10 12:30:44', '2025-11-10 19:30:44'),
(237, 'isabella.delos.santos@mcc.edu.ph', '$2y$10$44fGnBH17F3XiS4Yur6v..7ygyGbT1T1qNjLQ/lXOrRMMW.yADII.', 'student', 'Isabella', 'Delos Santos', NULL, 'active', '2025-11-10 12:30:44', '2025-11-10 19:30:44'),
(238, 'sebastian.mendoza@mcc.edu.ph', '$2y$10$G9IuKGAAWBjUj7irGBku9e1V1nQ1q39lk7G4oKYwEUK3umgovgUjm', 'student', 'Sebastian', 'Mendoza', NULL, 'active', '2025-11-10 12:30:44', '2025-11-10 19:30:44'),
(239, 'miguel.santos@mcc.edu.ph', '$2y$10$YXmxTcDT.eEii0PULE4mLO/KwWYxn9CSZih47UTfL2Seps2Bs1tQu', 'student', 'Miguel', 'Santos', NULL, 'active', '2025-11-10 12:30:44', '2025-11-10 19:30:44'),
(240, 'chloe.villanueva@mcc.edu.ph', '$2y$10$RozhBIXn/NscEtDV3Qz38eOB78K9jJVFBDfdhX9e12kpelkgJ1e3S', 'student', 'Chloe', 'Villanueva', NULL, 'active', '2025-11-10 12:30:44', '2025-11-10 19:30:44'),
(241, 'elena.manalo@mcc.edu.ph', '$2y$10$ojDM10TusYjQmQ.Z/uzNR.9.uUGh7MNwKIkCjr.TFeMeZGwi4SQXS', 'student', 'Elena', 'Manalo', NULL, 'active', '2025-11-10 12:30:44', '2025-11-10 19:30:44'),
(242, 'emma.bautista@mcc.edu.ph', '$2y$10$bFNQc4UtddMaNiLy06/K8./gAxHJXQPSFs9SteVEIK.KLyNTHZ0g.', 'student', 'Emma', 'Bautista', NULL, 'active', '2025-11-10 12:30:44', '2025-11-10 19:30:44'),
(243, 'ian.villanueva@mcc.edu.ph', '$2y$10$8VaaE4jX9FOcYs/iXhqSVOaInWWe7WEmNFxGErm8yywPt6FmbWpya', 'student', 'Ian', 'Villanueva', NULL, 'active', '2025-11-10 12:30:44', '2025-11-10 19:30:44'),
(244, 'oscar.mendoza@mcc.edu.ph', '$2y$10$7IU65frn8ZeTNX7n7.rH6ekwrJ4aX8/SDZy1u39c0or3t5HNm48lm', 'student', 'Oscar', 'Mendoza', NULL, 'active', '2025-11-10 12:30:44', '2025-11-10 19:30:44'),
(245, 'sophia.lim@mcc.edu.ph', '$2y$10$Ap1Ba61K2lIzHctXAoFO2.EdhjjM6D5N9RrKQKL2ol2bFQOc0n6pO', 'student', 'Sophia', 'Lim', NULL, 'active', '2025-11-10 12:30:45', '2025-11-10 19:30:45'),
(246, 'andres.salazar@mcc.edu.ph', '$2y$10$fB9.NUTS0sd4b/B2bvwWeey7MT2WeqWjsynygDnuB6eO1hC0lBR2G', 'student', 'Andres', 'Salazar', NULL, 'active', '2025-11-10 12:30:45', '2025-11-10 19:30:45'),
(247, 'nathan.aquino@mcc.edu.ph', '$2y$10$ZGaPAePTHKDeiBceXvNbrORzFSpueUTthr/SBAcC2rfCEVR0IDQp.', 'student', 'Nathan', 'Aquino', NULL, 'active', '2025-11-10 12:30:45', '2025-11-10 19:30:45'),
(248, 'brian.bravo@mcc.edu.ph', '$2y$10$vOlyrZjQsQlhuRuZsQCaAeycSNZiuVdYdPD9tL4mcF7xt0LuM77z2', 'student', 'Brian', 'Bravo', NULL, 'active', '2025-11-10 12:30:45', '2025-11-10 19:30:45'),
(249, 'lucia.cruz@mcc.edu.ph', '$2y$10$4/wT3mKiJVMdvfCwcqSDOOG5XSRVYxs0V9T8RqSiWqwv28QNOFIB6', 'student', 'Lucia', 'Cruz', NULL, 'active', '2025-11-10 12:30:45', '2025-11-10 19:30:45'),
(250, 'victor.go@mcc.edu.ph', '$2y$10$PeHt64OQHl/wLIJSeSmulOSbU9tAr5oLOGRf8eGqYx.nF.ARlRDO.', 'student', 'Victor', 'Go', NULL, 'active', '2025-11-10 12:30:45', '2025-11-10 19:30:45'),
(251, 'sebastian.fernandez@mcc.edu.ph', '$2y$10$on4rnAfl0hVutARz3fdno.IjtL/pbf5sbxCVB3qxG6I97hsApMViO', 'student', 'Sebastian', 'Fernandez', NULL, 'active', '2025-11-10 12:30:45', '2025-11-10 19:30:45'),
(252, 'ian.ignacio@mcc.edu.ph', '$2y$10$qUvAi/i6FZ0PnzMczeO0Z.xzfQ79LIzMIOxpX19bL8uw5ro9WxhF6', 'student', 'Ian', 'Ignacio', NULL, 'active', '2025-11-10 12:30:45', '2025-11-10 19:30:45'),
(253, 'diego.bautista@mcc.edu.ph', '$2y$10$RWWg5f5xFgTcsboF3ZoamOPw5c4GRsV6gbQye6.IN4vLgvcN6iHB2', 'student', 'Diego', 'Bautista', NULL, 'active', '2025-11-10 12:30:45', '2025-11-10 19:30:45'),
(254, 'jorge.sy@mcc.edu.ph', '$2y$10$cNdCP5v3enSpe38.NRvYru46URbP/91pAxe8J9WbGGkj2wlz5O6BO', 'student', 'Jorge', 'Sy', NULL, 'active', '2025-11-10 12:30:45', '2025-11-10 19:30:45'),
(255, 'sophia.quinto@mcc.edu.ph', '$2y$10$E4/3YOK6sA18uJHnGM/yz.8gTqOmptkJLOohdsCFkMcbVDDJ25iZC', 'student', 'Sophia', 'Quinto', NULL, 'active', '2025-11-10 12:30:45', '2025-11-10 19:30:45'),
(256, 'emma.medina@mcc.edu.ph', '$2y$10$sGYSOYkRmS8B3H9bq6dseOYV9K8wNWTeSJUnNoIPi5vcet3s0BVSG', 'student', 'Emma', 'Medina', NULL, 'active', '2025-11-10 12:30:45', '2025-11-10 19:30:45'),
(257, 'ricardo.ocampo@mcc.edu.ph', '$2y$10$SRJRYtYCsVTBtPZJASsJGOBlue7NRsZpKFO/y.DRVTLN1TUQcqcqu', 'student', 'Ricardo', 'Ocampo', NULL, 'active', '2025-11-10 12:30:45', '2025-11-10 19:30:45'),
(258, 'julian.ortega@mcc.edu.ph', '$2y$10$wb0gEVZFObyD8kJFqUlJUeTB.ya9pcYz2EVhBAwf0BEDP311G8Uii', 'student', 'Julian', 'Ortega', NULL, 'active', '2025-11-10 12:30:45', '2025-11-10 19:30:45'),
(259, 'andres.cruz@mcc.edu.ph', '$2y$10$aKCRjeNFvoCEjiNwRPms9.FJWSKK.QS4QdgiPQV3DLlKglCAdiYOO', 'student', 'Andres', 'Cruz', NULL, 'active', '2025-11-10 12:30:46', '2025-11-10 19:30:46'),
(260, 'cristina.fernandez@mcc.edu.ph', '$2y$10$amUk9buUSoczA7xDbok.d.h0Spfz76nNCejy46u373DiFxn/ZpRlS', 'student', 'Cristina', 'Fernandez', NULL, 'active', '2025-11-10 12:30:46', '2025-11-10 19:30:46'),
(261, 'marcus.medina@mcc.edu.ph', '$2y$10$UMw9BWGs1phQ.cEUGYfOUeIvvTYzuV/tTP1q/T9QkjeMKEoC0G4ra', 'student', 'Marcus', 'Medina', NULL, 'active', '2025-11-10 12:30:46', '2025-11-10 19:30:46'),
(262, 'elena.sy@mcc.edu.ph', '$2y$10$OZ8XRgrDChQtK.ZlUsEZ2eDRmn/tkOizgPm9Ndn9f7is0enwicuIe', 'student', 'Elena', 'Sy', NULL, 'active', '2025-11-10 12:30:46', '2025-11-10 19:30:46'),
(263, 'ian.beltran@mcc.edu.ph', '$2y$10$nGvq6ShY80NZMFJWdSkzQuaXFZEY8gDdvjnBQT.5EZk8Kq0Gl6rRa', 'student', 'Ian', 'Beltran', NULL, 'active', '2025-11-10 12:30:46', '2025-11-10 19:30:46'),
(264, 'chloe.salazar@mcc.edu.ph', '$2y$10$WVTAp2apHvfucSlHaaueIegMxa47qL5NjugvH/NSQBQMNwajwR4K.', 'student', 'Chloe', 'Salazar', NULL, 'active', '2025-11-10 12:30:46', '2025-11-10 19:30:46'),
(265, 'sofia.santiago@mcc.edu.ph', '$2y$10$5oDw/iSze/FjjE/tsJnMMOiKgzj1SCjsx8sPutbmI39MKwDWs4RcS', 'student', 'Sofia', 'Santiago', NULL, 'active', '2025-11-10 12:30:46', '2025-11-10 19:30:46'),
(266, 'chloe.navarro@mcc.edu.ph', '$2y$10$IH.8yCwsji1kX5id8ZTsbeGrJoXgGnAu6FX3WQHAqaFPDvbk0FIAe', 'student', 'Chloe', 'Navarro', NULL, 'active', '2025-11-10 12:30:46', '2025-11-10 19:30:46'),
(267, 'lucia.santos@mcc.edu.ph', '$2y$10$VUskD3FBIgQDxGbrzNfBbODuaKnX51ePR5IoBWTfXWFGh1nGzm8ru', 'student', 'Lucia', 'Santos', NULL, 'active', '2025-11-10 12:30:46', '2025-11-10 19:30:46'),
(268, 'luis.ignacio@mcc.edu.ph', '$2y$10$QnZyNQ9JbDVU5eN5GwBo6.ah2ihms8g86qf0UbyvC0dQl90U8V6Ny', 'student', 'Luis', 'Ignacio', NULL, 'active', '2025-11-10 12:30:46', '2025-11-10 19:30:46'),
(269, 'luis.uy@mcc.edu.ph', '$2y$10$P.NrWf8IzHwrVU2hpR/DYOBhTa7p2P2DqMkhDG6Yz4kgJtvUEl5M2', 'student', 'Luis', 'Uy', NULL, 'active', '2025-11-10 12:30:46', '2025-11-10 19:30:46'),
(270, 'chloe.manalo@mcc.edu.ph', '$2y$10$vyiJnouwsLmew9q4mCRBZesW5NLgpNaDgHKjCNSIiB/8v6v8231Pm', 'student', 'Chloe', 'Manalo', NULL, 'active', '2025-11-10 12:30:46', '2025-11-10 19:30:46'),
(271, 'brian.gomez@mcc.edu.ph', '$2y$10$KXHSjfyyYu/J1h58aF1SkOfWNo.zt1uv2XOv5oToUrJRq/2RAzUp6', 'student', 'Brian', 'Gomez', NULL, 'active', '2025-11-10 12:30:46', '2025-11-10 19:30:46'),
(272, 'luis.huang@mcc.edu.ph', '$2y$10$gHIMqFzn1m2unptNOXX1/./.MI.2eOUGE6kxa0MyKcE4FqrVfehWe', 'student', 'Luis', 'Huang', NULL, 'active', '2025-11-10 12:30:46', '2025-11-10 19:30:46'),
(273, 'nathan.alvarez@mcc.edu.ph', '$2y$10$djGGyZxyBcmj8xGDhzKUfO1bFfdtQacYJeNaIJefk2Hy1kz7WGRvK', 'student', 'Nathan', 'Alvarez', NULL, 'active', '2025-11-10 12:30:46', '2025-11-10 19:30:46'),
(274, 'chloe.reyes@mcc.edu.ph', '$2y$10$BLPMq.K7k.XQxr/FmDrVbOFmOl0O8XzkMkCbzlxL6aYVCKDfJ5RU2', 'student', 'Chloe', 'Reyes', NULL, 'active', '2025-11-10 12:30:47', '2025-11-10 19:30:47'),
(275, 'jorge.uy@mcc.edu.ph', '$2y$10$xSP.qL6yg6zzLKFXFZy6QOpaTEdI27ZGtVdZHSPSOX.Cf/80ay0HK', 'student', 'Jorge', 'Uy', NULL, 'active', '2025-11-10 12:30:47', '2025-11-10 19:30:47'),
(276, 'ian.manalo@mcc.edu.ph', '$2y$10$GyRg7.kDe0zbEmWB6PmWbujXYfXMIKyxMmwwbEWZ5aoy0INciAUAy', 'student', 'Ian', 'Manalo', NULL, 'active', '2025-11-10 12:30:47', '2025-11-10 19:30:47'),
(277, 'axel.pineda@mcc.edu.ph', '$2y$10$TkgxoebMjTAKNLNt4NcC8Oqe2yBUf1v/JCWcYzNsFjmhERs/gC4bC', 'student', 'Axel', 'Pineda', NULL, 'active', '2025-11-10 12:30:47', '2025-11-10 19:30:47');
INSERT INTO `users` (`id`, `email`, `password`, `role`, `first_name`, `last_name`, `phone`, `status`, `created_at`, `updated_at`) VALUES
(278, 'chloe.mendoza@mcc.edu.ph', '$2y$10$2lqR427Oh/PEJpxHOAlCkeFWc9tDQ/BsVSl.XQT8uhp.wkwxfJ5Mu', 'student', 'Chloe', 'Mendoza', NULL, 'active', '2025-11-10 12:30:47', '2025-11-10 19:30:47'),
(279, 'isabella.ramos@mcc.edu.ph', '$2y$10$Ex6LlVfDA5C8ztGA/VeGqOafvHlUXmV1Q4JPK43a5EyC95LUl07la', 'student', 'Isabella', 'Ramos', NULL, 'active', '2025-11-10 12:30:47', '2025-11-10 19:30:47'),
(280, 'maria.delos.santos@mcc.edu.ph', '$2y$10$w7YVsGlzzwN6qqewh./MKu795ABD1DM/kphxViLXWpeofOALxj3Cu', 'student', 'Maria', 'Delos Santos', NULL, 'active', '2025-11-10 12:30:47', '2025-11-10 19:30:47'),
(281, 'felipe.fernandez@mcc.edu.ph', '$2y$10$rMwr8ItwaK1X04muL190U.oY6e5YicxpM4RW98q6ktEiGUnqjVMVq', 'student', 'Felipe', 'Fernandez', NULL, 'active', '2025-11-10 12:30:47', '2025-11-10 19:30:47'),
(282, 'elena.aquino@mcc.edu.ph', '$2y$10$6p/dn2X0Mrs27HdQmpEZ7.6eFBriSR.5nJLonW.dkiqRrxLburmHe', 'student', 'Elena', 'Aquino', NULL, 'active', '2025-11-10 12:30:47', '2025-11-10 19:30:47'),
(283, 'maria.bravo@mcc.edu.ph', '$2y$10$8MgjrftnnszBDgLfl9AeFeIXdVifAjbmOQ0m.OQQy6AUpxyS053oq', 'student', 'Maria', 'Bravo', NULL, 'active', '2025-11-10 12:30:47', '2025-11-10 19:30:47'),
(284, 'victor.alvarez@mcc.edu.ph', '$2y$10$5b2sMFpAc/5BuDTjQARupuGBEtqTX6A3NXd5BXN0fo8VSn2xs8FpG', 'student', 'Victor', 'Alvarez', NULL, 'active', '2025-11-10 12:30:47', '2025-11-10 19:30:47'),
(285, 'luis.lim@mcc.edu.ph', '$2y$10$OSUl40mJM5DB5UtakEkeIuTFPb2FilnJYAdivYwRloJPqJr2G9JcW', 'student', 'Luis', 'Lim', NULL, 'active', '2025-11-10 12:30:47', '2025-11-10 19:30:47'),
(286, 'valentina.cruz@mcc.edu.ph', '$2y$10$m8U2U9bOzTtZbxKgI9AFa.ee8PO.PIOT4DjbLtUKv/8XxKHicnLlO', 'student', 'Valentina', 'Cruz', NULL, 'active', '2025-11-10 12:30:47', '2025-11-10 19:30:47'),
(287, 'nathan.beltran@mcc.edu.ph', '$2y$10$KWTkyoixrEhQ2Evs/B/DgOfYC01MGcjNi6uVdCpevRrzXkfjgKRJm', 'student', 'Nathan', 'Beltran', NULL, 'active', '2025-11-10 12:30:47', '2025-11-10 19:30:47'),
(288, 'nina.fernandez@mcc.edu.ph', '$2y$10$.uC6OipkkMkMBk2/4WT.jOaWt3xV0mru3g3/kvWk97H0ODbkFGb1m', 'student', 'Nina', 'Fernandez', NULL, 'active', '2025-11-10 12:30:47', '2025-11-10 19:30:47'),
(289, 'ian.salazar@mcc.edu.ph', '$2y$10$z0gtaLcG2/cp7/K0Sv3sM.iDdLbxvJvYDRfDsGlGRG06HH239Qju6', 'student', 'Ian', 'Salazar', NULL, 'active', '2025-11-10 12:30:48', '2025-11-10 19:30:48'),
(290, 'gabriela.delos.santos@mcc.edu.ph', '$2y$10$TwXGJhupvxyNnwsNZiY84uXpU3kcLWB99IoaFCt/u9qrKO/DbzbQW', 'student', 'Gabriela', 'Delos Santos', NULL, 'active', '2025-11-10 12:30:48', '2025-11-10 19:30:48'),
(291, 'camila.mendoza@mcc.edu.ph', '$2y$10$JG9ebse8qzAz8E58GRvnTukoXyuJTCRaPmTysFU8Z69WbSG8LzMC2', 'student', 'Camila', 'Mendoza', NULL, 'active', '2025-11-10 12:30:48', '2025-11-10 19:30:48'),
(292, 'marcus.santos@mcc.edu.ph', '$2y$10$NJ5.pcYoSnWamTfRIMqVDORKgmUg6i7hA5rCCXrh6/px5Q1QakJTG', 'student', 'Marcus', 'Santos', NULL, 'active', '2025-11-10 12:30:48', '2025-11-10 19:30:48'),
(293, 'juan.castro@mcc.edu.ph', '$2y$10$j5uuZ8INhECFQC/RFx7eTOOYO2gT.xs6cMi66tuSrkwIk/lG8Ofge', 'student', 'Juan', 'Castro', NULL, 'active', '2025-11-10 12:30:48', '2025-11-10 19:30:48'),
(294, 'emma.fernandez@mcc.edu.ph', '$2y$10$3E2tFjuNKhpjWh5q25FzJuJod2/MKzu4dWDtVOUI3IhJMCaR0asJu', 'student', 'Emma', 'Fernandez', NULL, 'active', '2025-11-10 12:30:48', '2025-11-10 19:30:48'),
(295, 'andres.manalo@mcc.edu.ph', '$2y$10$oXa5LmkFncALXarzwsb1SezP4JscuDXL/c4MXJRr46CBG9FLEadHC', 'student', 'Andres', 'Manalo', NULL, 'active', '2025-11-10 12:30:48', '2025-11-10 19:30:48'),
(296, 'mia.aquino@mcc.edu.ph', '$2y$10$gM9dWBXSV0lWoKJN7GL4CeRbhotsG/cS9LMmjiTLKPR3ItqA5dnba', 'student', 'Mia', 'Aquino', NULL, 'active', '2025-11-10 12:30:48', '2025-11-10 19:30:48'),
(297, 'marcus.gomez@mcc.edu.ph', '$2y$10$4eWjl3RNGbojtKSmpyaBke9j0SkdsobXWvOw.AmCys9CgYa.MVME2', 'student', 'Marcus', 'Gomez', NULL, 'active', '2025-11-10 12:30:48', '2025-11-10 19:30:48'),
(298, 'andres.diaz@mcc.edu.ph', '$2y$10$veiNWID2DjAfy6K5uexeHucRUdYYVbGh9c5BroxzEg7LA1rYivkJu', 'student', 'Andres', 'Diaz', NULL, 'active', '2025-11-10 12:30:48', '2025-11-10 19:30:48'),
(299, 'ellie.alvarez@mcc.edu.ph', '$2y$10$PqvmuT0zBLAAxOA8p7SxTumnHu9WiVx2O1xz0cVe0.WLvgt9pNAkW', 'student', 'Ellie', 'Alvarez', NULL, 'active', '2025-11-10 12:30:48', '2025-11-10 19:30:48'),
(300, 'isabella.ignacio@mcc.edu.ph', '$2y$10$zganDea5m0YCpYRAvoTDm.GT2TNpi.E7zXWo8kxFxDe34CUjKDe.2', 'student', 'Isabella', 'Ignacio', NULL, 'active', '2025-11-10 12:30:48', '2025-11-10 19:30:48'),
(301, 'lily.huang@mcc.edu.ph', '$2y$10$JO.acPWALoINfn5g44Z51.cpgHTyYTJMIO9W0.XuFiqwZ4p8DZg1C', 'student', 'Lily', 'Huang', NULL, 'active', '2025-11-10 12:30:48', '2025-11-10 19:30:48'),
(302, 'leo.salazar@mcc.edu.ph', '$2y$10$6NeCkVp2PM6rIp1cgkr6Cux8PG9kCjGor5T/ZlO/0yKBqxJ/rIWsy', 'student', 'Leo', 'Salazar', NULL, 'active', '2025-11-10 12:30:48', '2025-11-10 19:30:48'),
(303, 'camila.santos@mcc.edu.ph', '$2y$10$n/zm9GOJAfvDTZs5NIZX8ezU/1V5e.lcqcUOPoofDLBqyVuWOG3Yi', 'student', 'Camila', 'Santos', NULL, 'active', '2025-11-10 12:30:49', '2025-11-10 19:30:49'),
(304, 'isabella.cruz@mcc.edu.ph', '$2y$10$VKn7fG/7xmSayDkRC63vYuoZFXNX47D3YNxK4V9WH8k93M2aIY0Qe', 'student', 'Isabella', 'Cruz', NULL, 'active', '2025-11-10 12:30:49', '2025-11-10 19:30:49'),
(305, 'nina.beltran@mcc.edu.ph', '$2y$10$ALhxBKcV72/Q3uqOnv.jB.0iwtTf9WiCs9AvcNMwSS7Frb5w.T9Pi', 'student', 'Nina', 'Beltran', NULL, 'active', '2025-11-10 12:30:49', '2025-11-10 19:30:49'),
(306, 'sebastian.reyes@mcc.edu.ph', '$2y$10$f7ap3Ldh/0UOTdkM89EkRucNRjVYZ8pUML0xTemwQF41BH/.T82Em', 'student', 'Sebastian', 'Reyes', NULL, 'active', '2025-11-10 12:30:49', '2025-11-10 19:30:49'),
(307, 'ana.santos@mcc.edu.ph', '$2y$10$SpapZhthzPExKx9.X91pUO.iz0FYW3FSw6PzKj3sV6T4FEYM9Z8/a', 'student', 'Ana', 'Santos', NULL, 'active', '2025-11-10 12:30:49', '2025-11-10 19:30:49'),
(308, 'lucia.garcia@mcc.edu.ph', '$2y$10$XWFoWZ3CYMEhnx89XqgGMuW5f9gMTjwYULcr2Bl.M5UG9Sdo1Tl/O', 'student', 'Lucia', 'Garcia', NULL, 'active', '2025-11-10 12:30:49', '2025-11-10 19:30:49'),
(309, 'camila.santiago@mcc.edu.ph', '$2y$10$PmwuPkJcuOOF2TUs6MUjo.HqCnS/6jB5hMeoB/tju.C5rp9XRWJIG', 'student', 'Camila', 'Santiago', NULL, 'active', '2025-11-10 12:30:49', '2025-11-10 19:30:49'),
(310, 'camila.villanueva@mcc.edu.ph', '$2y$10$KbRAMosF8IBQC4OpSo.PUeAt2BqADKUYiaQ7AKLeI8XyYtlWyakHi', 'student', 'Camila', 'Villanueva', NULL, 'active', '2025-11-10 12:30:49', '2025-11-10 19:30:49'),
(311, 'ricardo.santiago@mcc.edu.ph', '$2y$10$ZmL/q0HOgcwuh0ESQcOzj.zwBskIMH4dkO6MiFH0D9Z2GNeQvddYq', 'student', 'Ricardo', 'Santiago', NULL, 'active', '2025-11-10 12:30:49', '2025-11-10 19:30:49'),
(312, 'elena.santos@mcc.edu.ph', '$2y$10$o8b371BaNTBthCZta7MsWeEVzeupUIFNHZebqF4LeC6vXsbkR9QJe', 'student', 'Elena', 'Santos', NULL, 'active', '2025-11-10 12:30:49', '2025-11-10 19:30:49'),
(313, 'sofia.bravo@mcc.edu.ph', '$2y$10$OhSruXnylDumcbo9jsUSjOEC21pVcuTfzhU3FP5YlPr/K/K2n.3L2', 'student', 'Sofia', 'Bravo', NULL, 'active', '2025-11-10 12:30:49', '2025-11-10 19:30:49'),
(314, 'brian.santiago@mcc.edu.ph', '$2y$10$/Pi/2lxuuKqBtaOcED5Xn.9c6HpUd7Mr7g6egOY0ePPm8f6M5Eo62', 'student', 'Brian', 'Santiago', NULL, 'active', '2025-11-10 12:30:49', '2025-11-10 19:30:49'),
(315, 'emma.torres@mcc.edu.ph', '$2y$10$zAFGHsDPmVjfNKIlNVfU5eC7LBrJB1gGjPeP8IKhld30jsjaLbMEm', 'student', 'Emma', 'Torres', NULL, 'active', '2025-11-10 12:30:49', '2025-11-10 19:30:49'),
(316, 'chloe.santos@mcc.edu.ph', '$2y$10$7B6iFc11eiMqGrsZH1veiOYk0AV.EfIY9C9zkaG6ElhHR8/k1DEbi', 'student', 'Chloe', 'Santos', NULL, 'active', '2025-11-10 12:30:49', '2025-11-10 19:30:49'),
(317, 'carlos.delgado@mcc.edu.ph', '$2y$10$NjwvPjwS14g9Xz.1BgbTyOmA0PaS3rXWImW80mlHDDomRZc.scQnG', 'student', 'Carlos', 'Delgado', NULL, 'active', '2025-11-10 12:30:49', '2025-11-10 19:30:49'),
(318, 'carlos.aquino@mcc.edu.ph', '$2y$10$bzrNH1TdrgHZ69.5tRUepuwObZxubQlI/bF3NOOhc1BNXEn4EAl2W', 'student', 'Carlos', 'Aquino', NULL, 'active', '2025-11-10 12:30:50', '2025-11-10 19:30:50'),
(319, 'lucia.castro@mcc.edu.ph', '$2y$10$jSnoJv/vD6DkqHm8HhScBOzMMVgrUbUpvQ9NxxyAyPbTW3sF/ys/O', 'student', 'Lucia', 'Castro', NULL, 'active', '2025-11-10 12:30:50', '2025-11-10 19:30:50'),
(320, 'sofia.ignacio@mcc.edu.ph', '$2y$10$T61hx8/lwIsx2mmPmzthr.W9HzWDMqNSXITc9WGSiQZt3N2hBkQ3i', 'student', 'Sofia', 'Ignacio', NULL, 'active', '2025-11-10 12:30:50', '2025-11-10 19:30:50'),
(321, 'brian.delgado@mcc.edu.ph', '$2y$10$3IWAvK/1OCHyQsnYKmcmueL8N0Re0kBvW5RRhR59g3cM7jvfRsDjG', 'student', 'Brian', 'Delgado', NULL, 'active', '2025-11-10 12:30:50', '2025-11-10 19:30:50'),
(322, 'maria.huang@mcc.edu.ph', '$2y$10$iw1sXN99T4ujWQVMZYIcpeK/2VpunqtzPtu1VeHKXGKoJv44IsNx6', 'student', 'Maria', 'Huang', NULL, 'active', '2025-11-10 12:30:50', '2025-11-10 19:30:50'),
(323, 'axel.garcia@mcc.edu.ph', '$2y$10$Z7eSCP9bBohFT3cN9Yr4/eaIJmp4uujoj7sA7yS12rv6fhqp.onk.', 'student', 'Axel', 'Garcia', NULL, 'active', '2025-11-10 12:30:50', '2025-11-10 19:30:50'),
(324, 'felipe.rivera@mcc.edu.ph', '$2y$10$S7p60NoGtS5vMowgmWbMB.9jpaQDHdtfmt3sT2OLHQFuDOo0gVCK6', 'student', 'Felipe', 'Rivera', NULL, 'active', '2025-11-10 12:30:50', '2025-11-10 19:30:50'),
(325, 'oscar.santos@mcc.edu.ph', '$2y$10$7hRqJBobkwdqoXbDAkclYuCmsuFpCxmbBV1pXOLxE0mHqLacwgcQO', 'student', 'Oscar', 'Santos', NULL, 'active', '2025-11-10 12:30:50', '2025-11-10 19:30:50'),
(326, 'maria.reyes@mcc.edu.ph', '$2y$10$ffrnGXUQ0c36gPmnk5lAGOgdL/ibo1i6eIeEXlVTXxlls80F/c45S', 'student', 'Maria', 'Reyes', NULL, 'active', '2025-11-10 12:30:50', '2025-11-10 19:30:50'),
(327, 'valentina.sy@mcc.edu.ph', '$2y$10$UAPLG5vXyr3Edath/MwvuO25KaBqbYzJ.zmGoR/SQ1MUVU9uVNb6W', 'student', 'Valentina', 'Sy', NULL, 'active', '2025-11-10 12:30:50', '2025-11-10 19:30:50'),
(328, 'ana.delos.santos@mcc.edu.ph', '$2y$10$ybZHvFtsWcc3pR3gQmO5YeOJp96F5KYd9Dwp5IbZ1WAk0pOUlRY2y', 'student', 'Ana', 'Delos Santos', NULL, 'active', '2025-11-10 12:30:50', '2025-11-10 19:30:50'),
(329, 'carlos.ortega@mcc.edu.ph', '$2y$10$B1B8HuDZGI51B6nujv.gtuWqHy9S5QaD.fAndYxUXrZv3LjgHwdwm', 'student', 'Carlos', 'Ortega', NULL, 'active', '2025-11-10 12:30:50', '2025-11-10 19:30:50'),
(330, 'stella.salazar@mcc.edu.ph', '$2y$10$NRbbi1.6BUX7CRn5H/RsDOBmmvbW0KinsYVqJywBXht8d36Wh8Lqm', 'student', 'Stella', 'Salazar', NULL, 'active', '2025-11-10 12:30:50', '2025-11-10 19:30:50'),
(331, 'leo.fernandez@mcc.edu.ph', '$2y$10$u4E3VJ7oukHTHUqgubXr5.ms4FhEBo6uK2ai5hajp9ofQXnSeijkm', 'student', 'Leo', 'Fernandez', NULL, 'active', '2025-11-10 12:30:50', '2025-11-10 19:30:50'),
(332, 'dylan.ocampo@mcc.edu.ph', '$2y$10$K.NlluOV0rilBwOICpB9EufumJ6Sjrn94Ummo//WjV8aCy1.o.Miu', 'student', 'Dylan', 'Ocampo', NULL, 'active', '2025-11-10 12:30:51', '2025-11-10 19:30:51'),
(333, 'lucia.huang@mcc.edu.ph', '$2y$10$NGiFTZxweQPBAAReV2nopuqFq5p3FMVwOQiy8RmtQvqxCvKV4Jf2a', 'student', 'Lucia', 'Huang', NULL, 'active', '2025-11-10 12:30:51', '2025-11-10 19:30:51'),
(334, 'cristina.dela.cruz@mcc.edu.ph', '$2y$10$FaBXs9CX7WNyxGq27Ts9OOzrym6DBl473/pVzGcWmznxDZ0EaLCj.', 'student', 'Cristina', 'Dela Cruz', NULL, 'active', '2025-11-10 12:30:51', '2025-11-10 19:30:51'),
(335, 'sofia.fernandez@mcc.edu.ph', '$2y$10$0TmGFdkAG.OloMw9gQMRtOLYL9JcfvtGpWYfQPNmJ0L3.Ngs5wx.u', 'student', 'Sofia', 'Fernandez', NULL, 'active', '2025-11-10 12:30:51', '2025-11-10 19:30:51'),
(336, 'juan.perez@mcc.edu.ph', '$2y$10$odoAHlrVXnUXwSb1vGLzeumw5V9iE9t237CZQUVGx02Vo//RY7epu', 'student', 'Juan', 'Perez', NULL, 'active', '2025-11-10 12:30:51', '2025-11-10 19:30:51'),
(337, 'zoe.go@mcc.edu.ph', '$2y$10$i450k4actsLIJNSZr.mAxO0tsgQk7o5sQat/qLpxCMcnkfyif8p6C', 'student', 'Zoe', 'Go', NULL, 'active', '2025-11-10 12:30:51', '2025-11-10 19:30:51'),
(338, 'juan.villanueva@mcc.edu.ph', '$2y$10$gyo1xtanTH30ETWJKYGm3epzI2H9ERARxb7FE3HcX9lEj9VqryTNS', 'student', 'Juan', 'Villanueva', NULL, 'active', '2025-11-10 12:30:51', '2025-11-10 19:30:51'),
(339, 'chloe.tan@mcc.edu.ph', '$2y$10$igsjHcYNvLXkrGtX20Yi3eX1jfmvxx51ws3cpNaoJT5PgiWXcQ29a', 'student', 'Chloe', 'Tan', NULL, 'active', '2025-11-10 12:30:51', '2025-11-10 19:30:51'),
(340, 'juan.lim@mcc.edu.ph', '$2y$10$wXRMuK9g0yBPdWWOGn66JOi0rALIProdHAjn.6Rl3p0mAm1eC38Ja', 'student', 'Juan', 'Lim', NULL, 'active', '2025-11-10 12:30:51', '2025-11-10 19:30:51'),
(341, 'axel.santos@mcc.edu.ph', '$2y$10$EKGOGgRlSyhktpqZRZKpf.xhXgLuxGyyM.ghd6/vTyPNIOSs11Jb6', 'student', 'Axel', 'Santos', NULL, 'active', '2025-11-10 12:30:51', '2025-11-10 19:30:51'),
(342, 'marcus.manalo@mcc.edu.ph', '$2y$10$NCp5m1f1DmSO/YxYhmTLMumlLyVlrZdA9ZkU2I3WM44e3nmlrrrpe', 'student', 'Marcus', 'Manalo', NULL, 'active', '2025-11-10 12:30:51', '2025-11-10 19:30:51'),
(343, 'chloe.katindig@mcc.edu.ph', '$2y$10$rnjcAfL0hW0UrcllcHfgAOfZuvSjk5N53Ub.FtuwJu8H8dDxMw2cW', 'student', 'Chloe', 'Katindig', NULL, 'active', '2025-11-10 12:30:51', '2025-11-10 19:30:51'),
(344, 'andres.sy@mcc.edu.ph', '$2y$10$2boIjtq01mRR8fbei/LA2OnYUgaO8cLOqTnDVCWBLkCHmM8jMqob6', 'student', 'Andres', 'Sy', NULL, 'active', '2025-11-10 12:30:51', '2025-11-10 19:30:51'),
(345, 'felipe.bautista@mcc.edu.ph', '$2y$10$AHHogIQaPC6rnr.WDt55Ku2pf41/CCsWMeKyYZFnhhhtJeHXIUd4K', 'student', 'Felipe', 'Bautista', NULL, 'active', '2025-11-10 12:30:51', '2025-11-10 19:30:51'),
(346, 'sofia.quinto@mcc.edu.ph', '$2y$10$szUmSYbDuxX0G2hrKTpzLOSJK/kpetuXRm11H50.1ywYZA0uGAwmW', 'student', 'Sofia', 'Quinto', NULL, 'active', '2025-11-10 12:30:51', '2025-11-10 19:30:51'),
(347, 'valentina.perez@mcc.edu.ph', '$2y$10$s9N0XALAVZiqzR/Cee/MF.80VpPmt7UvbsZzjQR9gBrMQ64La/DK2', 'student', 'Valentina', 'Perez', NULL, 'active', '2025-11-10 12:30:52', '2025-11-10 19:30:52'),
(348, 'diego.pineda@mcc.edu.ph', '$2y$10$mamLt6zYv8NU27VHQ4UOrOZ1yOASRauy/cfBZy3FUgnQfoDcyt01S', 'student', 'Diego', 'Pineda', NULL, 'active', '2025-11-10 12:30:52', '2025-11-10 19:30:52'),
(349, 'sophia.bautista@mcc.edu.ph', '$2y$10$iERmmwAsIGToc/r05.4LSe3SNnlG2iV8yo4mKd.2mNS20dWuBl.M6', 'student', 'Sophia', 'Bautista', NULL, 'active', '2025-11-10 12:30:52', '2025-11-10 19:30:52'),
(350, 'nathan.medina@mcc.edu.ph', '$2y$10$gde2kaFjmGTpeNFkuGsebuOqEIZqB20TLuTtoVF7m9G8/hEVcxMPq', 'student', 'Nathan', 'Medina', NULL, 'active', '2025-11-10 12:30:52', '2025-11-10 19:30:52'),
(351, 'marcus.pineda@mcc.edu.ph', '$2y$10$YwlfvAEHTzUWUvvdF4cDOuzlAcs0FzT8Fz3x0RNhB6YM8arz.j7/S', 'student', 'Marcus', 'Pineda', NULL, 'active', '2025-11-10 12:30:52', '2025-11-10 19:30:52'),
(352, 'sebastian.salazar@mcc.edu.ph', '$2y$10$.9I6yljFFJhxD4zNHkispecaQovghSHVrc..ypIbWvVBkdHvKudJ.', 'student', 'Sebastian', 'Salazar', NULL, 'active', '2025-11-10 12:30:52', '2025-11-10 19:30:52'),
(353, 'carlos.garcia@mcc.edu.ph', '$2y$10$L7t79Sn3Md4BejridKvu6.o5k.I.DE5HXABQTaRfd0PvnyXNY0bFC', 'student', 'Carlos', 'Garcia', NULL, 'active', '2025-11-10 12:30:52', '2025-11-10 19:30:52'),
(354, 'sophia.perez@mcc.edu.ph', '$2y$10$OcM21k0QeXOVo4C69WW.NemXfWDd7u7k2UWr3DxZ9GP9L5ggZ3S2O', 'student', 'Sophia', 'Perez', NULL, 'active', '2025-11-10 12:30:52', '2025-11-10 19:30:52'),
(355, 'victor.ocampo@mcc.edu.ph', '$2y$10$NqoABUvQE5fT1OpYgacENeJdIwhOxTwSB.fWdMQTGS0jFqAVbT.pm', 'student', 'Victor', 'Ocampo', NULL, 'active', '2025-11-10 12:30:52', '2025-11-10 19:30:52'),
(356, 'camila.fernandez@mcc.edu.ph', '$2y$10$T5KdbZgkFGuTVxmPmK1ylunrbikYisYPZqGAuVFjTamoKv.DVACIS', 'student', 'Camila', 'Fernandez', NULL, 'active', '2025-11-10 12:30:52', '2025-11-10 19:30:52'),
(357, 'carlos.lozano@mcc.edu.ph', '$2y$10$MmFk6bLJUuc5JhUl9YSOa.Z36gGW7JC238gWC/mOWIVgADmQgSMIW', 'student', 'Carlos', 'Lozano', NULL, 'active', '2025-11-10 12:30:52', '2025-11-10 19:30:52'),
(358, 'victor.sy@mcc.edu.ph', '$2y$10$2qvNqenCkW4yJb.xExld8uiX70YI.Muj2tJk.rI54qId2Er4XiCHe', 'student', 'Victor', 'Sy', NULL, 'active', '2025-11-10 12:30:52', '2025-11-10 19:30:52'),
(359, 'dylan.ramos@mcc.edu.ph', '$2y$10$jyTFKV20iL6k2TcETH4I3uf5h6XHTeRdLOkTpzlGSpwTBTeRd2zEC', 'student', 'Dylan', 'Ramos', NULL, 'active', '2025-11-10 12:30:52', '2025-11-10 19:30:52'),
(360, 'ava.katindig@mcc.edu.ph', '$2y$10$SfrlkkHAod41FjcX9cpzsemhxaOaWPp81wQZbWWXT1iI.S9CLlN7u', 'student', 'Ava', 'Katindig', NULL, 'active', '2025-11-10 12:30:52', '2025-11-10 19:30:52'),
(361, 'isabella.quinto@mcc.edu.ph', '$2y$10$DiP9PerWajlEiBhoFe1cP.Kg1MZ1OkiT97/wNzi5FQ8wsv.S7q006', 'student', 'Isabella', 'Quinto', NULL, 'active', '2025-11-10 12:30:53', '2025-11-10 19:30:53'),
(362, 'sofia.torres@mcc.edu.ph', '$2y$10$WELsZZ76m2uyGGtYw8w81OBSfEl9bHV8MLBYO31y5zybO1ywODzwq', 'student', 'Sofia', 'Torres', NULL, 'active', '2025-11-10 12:30:53', '2025-11-10 19:30:53'),
(363, 'luis.sy@mcc.edu.ph', '$2y$10$pEhy3JhC2tQ7Raa2Y0786eKnhjTRuvZSXdojTcVNleWoQLFaITC5q', 'student', 'Luis', 'Sy', NULL, 'active', '2025-11-10 12:30:53', '2025-11-10 19:30:53'),
(364, 'axel.tan@mcc.edu.ph', '$2y$10$VRQTBmgOwmWtNBMDBm0d2.hZqRm.WLSBQfkLCxEtxDuuSojdIUi.S', 'student', 'Axel', 'Tan', NULL, 'active', '2025-11-10 12:30:53', '2025-11-10 19:30:53'),
(365, 'ian.lim@mcc.edu.ph', '$2y$10$cjqg03G82xLDw.57K9dhPuTvIes9Lp/0quNAKfmohjJIqe5w82Nn2', 'student', 'Ian', 'Lim', NULL, 'active', '2025-11-10 12:30:53', '2025-11-10 19:30:53'),
(366, 'valentina.delgado@mcc.edu.ph', '$2y$10$xlXyQ1QjpiCbsdJx5c.aHefji7DflyaGNV3oPa3101RauNBxaRsB.', 'student', 'Valentina', 'Delgado', NULL, 'active', '2025-11-10 12:30:53', '2025-11-10 19:30:53'),
(367, 'leo.torres@mcc.edu.ph', '$2y$10$rrn0hVO8iP.fpGidRQ8z7uzfp2SyPtfnvOFOZ7uqbSxFzPh2Vfgv6', 'student', 'Leo', 'Torres', NULL, 'active', '2025-11-10 12:30:53', '2025-11-10 19:30:53'),
(368, 'dylan.castro@mcc.edu.ph', '$2y$10$a0I18g7zS6IZeknALrqBtOfzoLERwoV31QGe./9qo1k8BlRCYtGUO', 'student', 'Dylan', 'Castro', NULL, 'active', '2025-11-10 12:30:53', '2025-11-10 19:30:53'),
(369, 'zoe.navarro@mcc.edu.ph', '$2y$10$flFVWge79.wrX72ya9PBO.Tud934xoh3SKwwU7YpjMkFKvdj0kXDq', 'student', 'Zoe', 'Navarro', NULL, 'active', '2025-11-10 12:30:53', '2025-11-10 19:30:53'),
(370, 'victor.garcia@mcc.edu.ph', '$2y$10$8EK7EKPOe8ZmL5smL50fEOBls6G4cYN6iBFrWWvM7UcdOF5K.scFe', 'student', 'Victor', 'Garcia', NULL, 'active', '2025-11-10 12:30:53', '2025-11-10 19:30:53'),
(371, 'ellie.lim@mcc.edu.ph', '$2y$10$VhncG1eTw//O9ahGO7/D1uo5/K.LiyGFFLCOnaLkOMbYaNpqzRjFy', 'student', 'Ellie', 'Lim', NULL, 'active', '2025-11-10 12:30:53', '2025-11-10 19:30:53'),
(372, 'diego.go@mcc.edu.ph', '$2y$10$w0abp2JbiKqJtVu6Il636Ojnxbc1AXpuaWBPp2DHzYePkQGj8eJIK', 'student', 'Diego', 'Go', NULL, 'active', '2025-11-10 12:30:53', '2025-11-10 19:30:53'),
(373, 'cristina.sy@mcc.edu.ph', '$2y$10$rp2mQRkNtPM15Eta9u0OOeDg5scJnMZBb//JHKzC4M9GN1Mf3O/VO', 'student', 'Cristina', 'Sy', NULL, 'active', '2025-11-10 12:30:53', '2025-11-10 19:30:53'),
(374, 'jorge.ramos@mcc.edu.ph', '$2y$10$1oxewx8Y1G4XhIsRareG9uAl3e1dvsChTOqxs/qJLO/3HYoySsRU6', 'student', 'Jorge', 'Ramos', NULL, 'active', '2025-11-10 12:30:53', '2025-11-10 19:30:53'),
(375, 'elena.cruz@mcc.edu.ph', '$2y$10$kwYleD6xg0Zm6IDQvbN2ROMcA20svoFeMX/EeaXsUYgMNoq1k19Oe', 'student', 'Elena', 'Cruz', NULL, 'active', '2025-11-10 12:30:53', '2025-11-10 19:30:53'),
(376, 'ana.mendoza@mcc.edu.ph', '$2y$10$/FbqAPtx3ZpQ/oTxOBVbX.QtIYQMXQfRpZ5bWES9wBXjrGGvpJpXm', 'student', 'Ana', 'Mendoza', NULL, 'active', '2025-11-10 12:30:54', '2025-11-10 12:53:34'),
(377, 'gabriela.gomez@mcc.edu.ph', '$2y$10$k7kWw2uZUHk5igYN.PkDKOlnqLikp2VYmFAFj/516kIksaMgwumBy', 'student', 'Gabriela', 'Gomez', NULL, 'active', '2025-11-10 12:30:54', '2025-11-10 19:30:54'),
(378, 'victor.cruz@mcc.edu.ph', '$2y$10$b77SW.YmHCfAlV0VaPDLluH69g3tFgEcNwsczKKvDjKt8Q8QlMi2O', 'student', 'Victor', 'Cruz', NULL, 'active', '2025-11-10 12:30:54', '2025-11-10 19:30:54'),
(379, 'nina.tan@mcc.edu.ph', '$2y$10$PF7SvRWH5j0POPZ0a5U.5OZhNJtKJR2QfrQKCUgn9dBHN9t37aaRu', 'student', 'Nina', 'Tan', NULL, 'active', '2025-11-10 12:30:54', '2025-11-10 19:30:54'),
(380, 'lily.quinto@mcc.edu.ph', '$2y$10$A3YCPmKUEkKwcoKrMLXj/u2Ne7VWte/IF4MIKUlhfFK3oX8FsDkA6', 'student', 'Lily', 'Quinto', NULL, 'active', '2025-11-10 12:30:54', '2025-11-10 19:30:54'),
(381, 'sofia.garcia@mcc.edu.ph', '$2y$10$qUlzEY5fNgrOI616zmet0OnRnKJjb3NFjQuGfBnVby.jtOPwLTipG', 'student', 'Sofia', 'Garcia', NULL, 'active', '2025-11-10 12:30:54', '2025-11-10 19:30:54'),
(382, 'quinn.garcia@mcc.edu.ph', '$2y$10$.enIC7rOQI7guq8c1o2br.hB9QpuKFylpDvpQF1eNvOzgQ9RknVJC', 'teacher', 'Garcia', 'Quinn', '', 'active', '2025-11-11 05:42:14', '2025-11-13 23:15:17'),
(398, 'jeizi.zamora@gmail.com', '$2y$10$HFVy9f7i7ar5qM.VNvNgSOxYEST5JzbOJ6wdTW9nnIHpX1SACAB0q', 'student', 'JOHN', 'ZAMORA', '', 'active', '2025-11-13 17:28:17', '2025-11-13 12:12:49'),
(405, 'iamchris.japan@gmail.com', '$2y$10$rVAv6OZyR5rs2wofK..GXOudFji4TpDuQ0ZoCjjWsvq89OVm3MaGm', 'student', 'JC', 'Zamora', '', 'active', '2025-11-13 19:16:01', '2025-11-13 19:16:01'),
(406, 'nikaldabasoriano@gmail.com', '$2y$10$CwnC5Y/tmvrYRUVDE/7MiOIDBUQAZNGEgGOdF6oDGBci5Qd3x5kne', 'student', 'Nik', 'Soriano', '', 'active', '2025-11-14 04:27:38', '2025-11-13 21:35:31'),
(407, 'roy.morante@mcc.edu.ph', '$2y$10$lPtl3G8NMwrTxWUEUNMRtuea8RtGO7cxepuEK2jpHitFP7wNjyd4q', 'student', 'Roy', 'Morante', NULL, 'active', '2025-11-13 21:29:55', '2025-11-14 04:29:55'),
(408, 'jarib.sioco@mcc.edu.ph', '$2y$10$wpC01L3Cs10JDc.5Jirczu6946nA5hGgsGpYfC23ldHDLOp7q1366', 'student', 'Jarib', 'Sioco', NULL, 'active', '2025-11-13 21:29:55', '2025-11-14 04:29:55'),
(409, 'grace.manalo@mcc.edu.ph', '$2y$10$1HCIXSo9VNr1r28gRyAQXuU4c29hwCwv1oNIkHs2.gneCz0rysyfS', 'student', 'Grace Melody', 'Manalo', NULL, 'active', '2025-11-13 21:29:55', '2025-11-14 04:29:55');

-- --------------------------------------------------------

--
-- Table structure for table `year_levels`
--

CREATE TABLE `year_levels` (
  `id` tinyint UNSIGNED NOT NULL,
  `name` enum('1st Year','2nd Year','3rd Year','4th Year') NOT NULL,
  `order` tinyint NOT NULL DEFAULT '1'
) ENGINE=InnoDB DEFAULT CHARSET=utf8mb4 COLLATE=utf8mb4_0900_ai_ci;

--
-- Dumping data for table `year_levels`
--

INSERT INTO `year_levels` (`id`, `name`, `order`) VALUES
(1, '1st Year', 1),
(2, '2nd Year', 2),
(3, '3rd Year', 3),
(4, '4th Year', 4);

-- --------------------------------------------------------

--
-- Table structure for table `year_level_sections`
--

CREATE TABLE `year_level_sections` (
  `year_level_id` tinyint UNSIGNED NOT NULL,
  `section_id` int UNSIGNED NOT NULL
) ENGINE=InnoDB DEFAULT CHARSET=utf8mb4 COLLATE=utf8mb4_0900_ai_ci;

--
-- Dumping data for table `year_level_sections`
--

INSERT INTO `year_level_sections` (`year_level_id`, `section_id`) VALUES
(1, 1),
(2, 1),
(3, 1),
(4, 1),
(1, 2),
(2, 2),
(3, 2),
(4, 2),
(1, 3),
(2, 3),
(3, 3),
(1, 4),
(2, 4),
(3, 4),
(1, 5),
(2, 5),
(1, 6);

--
-- Indexes for dumped tables
--

--
-- Indexes for table `academic_periods`
--
ALTER TABLE `academic_periods`
  ADD PRIMARY KEY (`id`),
  ADD UNIQUE KEY `ux_school_year_semester` (`school_year`,`semester`),
  ADD KEY `idx_status` (`status`),
  ADD KEY `idx_school_year` (`school_year`),
  ADD KEY `idx_semester` (`semester`);

--
-- Indexes for table `activities`
--
ALTER TABLE `activities`
  ADD PRIMARY KEY (`id`),
  ADD KEY `idx_activities_course_type` (`course_id`,`type`),
  ADD KEY `idx_activities_due` (`due_at`);

--
-- Indexes for table `activity_grades`
--
ALTER TABLE `activity_grades`
  ADD PRIMARY KEY (`id`),
  ADD UNIQUE KEY `uq_activity_student` (`activity_id`,`student_id`),
  ADD KEY `idx_ag_activity` (`activity_id`),
  ADD KEY `idx_ag_student` (`student_id`);

--
-- Indexes for table `password_resets`
--
ALTER TABLE `password_resets`
  ADD PRIMARY KEY (`id`),
  ADD KEY `email` (`email`),
  ADD KEY `token` (`token`);

--
-- Indexes for table `sections`
--
ALTER TABLE `sections`
  ADD PRIMARY KEY (`id`),
  ADD UNIQUE KEY `sections_name_year_unique` (`name`);

--
-- Indexes for table `students`
--
ALTER TABLE `students`
  ADD PRIMARY KEY (`id`),
  ADD UNIQUE KEY `students_student_id_unique` (`student_id`),
  ADD UNIQUE KEY `students_user_id_unique` (`user_id`),
  ADD KEY `students_section_id_foreign` (`section_id`);

--
-- Indexes for table `student_subjects`
--
ALTER TABLE `student_subjects`
  ADD PRIMARY KEY (`id`),
  ADD UNIQUE KEY `ux_student_subject` (`student_id`,`subject_id`),
  ADD KEY `idx_student_id` (`student_id`),
  ADD KEY `idx_subject_id` (`subject_id`);

--
-- Indexes for table `subjects`
--
ALTER TABLE `subjects`
  ADD PRIMARY KEY (`id`),
  ADD UNIQUE KEY `subjects_course_code_unique` (`course_code`),
  ADD KEY `idx_category` (`category`),
  ADD KEY `idx_year_level` (`year_level`),
  ADD KEY `idx_semester` (`semester`),
  ADD KEY `idx_status` (`status`);

--
-- Indexes for table `teachers`
--
ALTER TABLE `teachers`
  ADD PRIMARY KEY (`id`),
  ADD UNIQUE KEY `teachers_employee_id_unique` (`employee_id`),
  ADD UNIQUE KEY `teachers_user_id_unique` (`user_id`),
  ADD KEY `idx_employee_id` (`employee_id`);

--
-- Indexes for table `teacher_subjects`
--
ALTER TABLE `teacher_subjects`
  ADD PRIMARY KEY (`id`),
  ADD UNIQUE KEY `ux_teacher_subject` (`teacher_id`,`subject_id`),
  ADD KEY `idx_teacher_id` (`teacher_id`),
  ADD KEY `idx_subject_id` (`subject_id`);

--
-- Indexes for table `teacher_subject_sections`
--
ALTER TABLE `teacher_subject_sections`
  ADD PRIMARY KEY (`id`),
  ADD UNIQUE KEY `ux_teacher_subject_section` (`teacher_subject_id`,`section_id`),
  ADD KEY `idx_teacher_subject_id` (`teacher_subject_id`),
  ADD KEY `idx_section_id` (`section_id`);

--
-- Indexes for table `users`
--
ALTER TABLE `users`
  ADD PRIMARY KEY (`id`),
  ADD UNIQUE KEY `users_email_unique` (`email`);

--
-- Indexes for table `year_levels`
--
ALTER TABLE `year_levels`
  ADD PRIMARY KEY (`id`),
  ADD UNIQUE KEY `uk_name` (`name`);

--
-- Indexes for table `year_level_sections`
--
ALTER TABLE `year_level_sections`
  ADD PRIMARY KEY (`year_level_id`,`section_id`),
  ADD KEY `idx_section` (`section_id`);

--
-- AUTO_INCREMENT for dumped tables
--

--
-- AUTO_INCREMENT for table `academic_periods`
--
ALTER TABLE `academic_periods`
  MODIFY `id` int UNSIGNED NOT NULL AUTO_INCREMENT, AUTO_INCREMENT=6;

--
-- AUTO_INCREMENT for table `activities`
--
ALTER TABLE `activities`
  MODIFY `id` bigint UNSIGNED NOT NULL AUTO_INCREMENT, AUTO_INCREMENT=26;

--
-- AUTO_INCREMENT for table `activity_grades`
--
ALTER TABLE `activity_grades`
  MODIFY `id` bigint UNSIGNED NOT NULL AUTO_INCREMENT, AUTO_INCREMENT=39;

--
-- AUTO_INCREMENT for table `password_resets`
--
ALTER TABLE `password_resets`
  MODIFY `id` int UNSIGNED NOT NULL AUTO_INCREMENT, AUTO_INCREMENT=22;

--
-- AUTO_INCREMENT for table `sections`
--
ALTER TABLE `sections`
  MODIFY `id` int UNSIGNED NOT NULL AUTO_INCREMENT, AUTO_INCREMENT=7;

--
-- AUTO_INCREMENT for table `students`
--
ALTER TABLE `students`
  MODIFY `id` int UNSIGNED NOT NULL AUTO_INCREMENT, AUTO_INCREMENT=391;

--
-- AUTO_INCREMENT for table `student_subjects`
--
ALTER TABLE `student_subjects`
  MODIFY `id` int UNSIGNED NOT NULL AUTO_INCREMENT;

--
-- AUTO_INCREMENT for table `subjects`
--
ALTER TABLE `subjects`
  MODIFY `id` int UNSIGNED NOT NULL AUTO_INCREMENT, AUTO_INCREMENT=29;

--
-- AUTO_INCREMENT for table `teachers`
--
ALTER TABLE `teachers`
  MODIFY `id` int UNSIGNED NOT NULL AUTO_INCREMENT, AUTO_INCREMENT=6;

--
-- AUTO_INCREMENT for table `teacher_subjects`
--
ALTER TABLE `teacher_subjects`
  MODIFY `id` int UNSIGNED NOT NULL AUTO_INCREMENT, AUTO_INCREMENT=13;

--
-- AUTO_INCREMENT for table `teacher_subject_sections`
--
ALTER TABLE `teacher_subject_sections`
  MODIFY `id` int UNSIGNED NOT NULL AUTO_INCREMENT, AUTO_INCREMENT=48;

--
-- AUTO_INCREMENT for table `users`
--
ALTER TABLE `users`
  MODIFY `id` int UNSIGNED NOT NULL AUTO_INCREMENT, AUTO_INCREMENT=410;

--
-- AUTO_INCREMENT for table `year_levels`
--
ALTER TABLE `year_levels`
  MODIFY `id` tinyint UNSIGNED NOT NULL AUTO_INCREMENT, AUTO_INCREMENT=5;

--
-- Constraints for dumped tables
--

--
-- Constraints for table `activity_grades`
--
ALTER TABLE `activity_grades`
  ADD CONSTRAINT `fk_activity_grades_activity_id` FOREIGN KEY (`activity_id`) REFERENCES `activities` (`id`) ON DELETE CASCADE ON UPDATE CASCADE;

--
-- Constraints for table `students`
--
ALTER TABLE `students`
  ADD CONSTRAINT `students_section_id_foreign` FOREIGN KEY (`section_id`) REFERENCES `sections` (`id`) ON DELETE SET NULL,
  ADD CONSTRAINT `students_user_id_foreign` FOREIGN KEY (`user_id`) REFERENCES `users` (`id`) ON DELETE CASCADE;

--
-- Constraints for table `student_subjects`
--
ALTER TABLE `student_subjects`
  ADD CONSTRAINT `fk_stu_sub_student` FOREIGN KEY (`student_id`) REFERENCES `students` (`id`) ON DELETE CASCADE,
  ADD CONSTRAINT `fk_stu_sub_subject` FOREIGN KEY (`subject_id`) REFERENCES `subjects` (`id`) ON DELETE CASCADE;

--
-- Constraints for table `teachers`
--
ALTER TABLE `teachers`
  ADD CONSTRAINT `teachers_user_id_foreign` FOREIGN KEY (`user_id`) REFERENCES `users` (`id`) ON DELETE CASCADE;

--
-- Constraints for table `teacher_subjects`
--
ALTER TABLE `teacher_subjects`
  ADD CONSTRAINT `fk_teacher_subjects_subject` FOREIGN KEY (`subject_id`) REFERENCES `subjects` (`id`) ON DELETE CASCADE ON UPDATE CASCADE,
  ADD CONSTRAINT `fk_teacher_subjects_teacher` FOREIGN KEY (`teacher_id`) REFERENCES `teachers` (`id`) ON DELETE CASCADE ON UPDATE CASCADE;

--
-- Constraints for table `teacher_subject_sections`
--
ALTER TABLE `teacher_subject_sections`
  ADD CONSTRAINT `fk_tsub_sections_section` FOREIGN KEY (`section_id`) REFERENCES `sections` (`id`) ON DELETE RESTRICT ON UPDATE CASCADE,
  ADD CONSTRAINT `fk_tsub_sections_tsub` FOREIGN KEY (`teacher_subject_id`) REFERENCES `teacher_subjects` (`id`) ON DELETE CASCADE ON UPDATE CASCADE;

--
-- Constraints for table `year_level_sections`
--
ALTER TABLE `year_level_sections`
  ADD CONSTRAINT `fk_yls_section` FOREIGN KEY (`section_id`) REFERENCES `sections` (`id`) ON DELETE CASCADE,
  ADD CONSTRAINT `fk_yls_year_level` FOREIGN KEY (`year_level_id`) REFERENCES `year_levels` (`id`) ON DELETE CASCADE;
COMMIT;

/*!40101 SET CHARACTER_SET_CLIENT=@OLD_CHARACTER_SET_CLIENT */;
/*!40101 SET CHARACTER_SET_RESULTS=@OLD_CHARACTER_SET_RESULTS */;
/*!40101 SET COLLATION_CONNECTION=@OLD_COLLATION_CONNECTION */;
